path,reason
12_Прочее_сопутствующее/Прочее/zsczic03ojzt71w69x4btg7sewhcjx4j__dup2.md,duplicate_marker::__dup
12_Прочее_сопутствующее/Прочее/Годы попыток как мы искали идеальную формулу KPI для сотрудников.doc,parse_error_or_empty::.doc
"12_Прочее_сопутствующее/Прочее/Мотивация, которая избавила гендира от текучести персонала и плохой дисциплины.doc",parse_error_or_empty::.doc
12_Прочее_сопутствующее/Прочее/Наконечник_тяги.md,duplicate_content::12_Прочее_сопутствующее/Прочее/Наконечник тяги.md
12_Прочее_сопутствующее/Прочее/Обучение новое.docx,parse_error_or_empty::.docx
12_Прочее_сопутствующее/Прочее/Опорный_ролик.md,duplicate_content::12_Прочее_сопутствующее/Прочее/Опорный ролик.md
12_Прочее_сопутствующее/Прочее/ПРЕЦИЗИОННЫЕ_КОМПОНЕНТЫ.md,duplicate_content::12_Прочее_сопутствующее/Прочее/ПРЕЦИЗИОННЫЕ КОМПОНЕНТЫ.md
12_Прочее_сопутствующее/Прочее/Почему гендиры отказываются от KPI и на что их меняют.doc,parse_error_or_empty::.doc
12_Прочее_сопутствующее/Прочее/Программа_поставки.md,duplicate_content::12_Прочее_сопутствующее/Прочее/Программа поставки.md
12_Прочее_сопутствующее/Прочее/РАДИАЛЬНЫЕ__dup2.md,duplicate_marker::__dup
12_Прочее_сопутствующее/Прочее/РЕЛЬСОВЫЕ_СИСТЕМЫ.md,duplicate_content::12_Прочее_сопутствующее/Прочее/РЕЛЬСОВЫЕ СИСТЕМЫ.md
12_Прочее_сопутствующее/Прочее/РУКОВОДСТВО_ПО_ЭКСПЛУАТАЦИИ.md,duplicate_content::12_Прочее_сопутствующее/Прочее/РУКОВОДСТВО ПО ЭКСПЛУАТАЦИИ.md
12_Прочее_сопутствующее/Прочее/Регламент формирования плана продаж компании «Альфа» (2) — копия.docx,duplicate_content::12_Прочее_сопутствующее/Прочее/Регламент формирования плана продаж компании «Альфа» (1).docx
12_Прочее_сопутствующее/Прочее/Решения_для_промышленности.md,duplicate_content::12_Прочее_сопутствующее/Прочее/Решения для промышленности.md
12_Прочее_сопутствующее/Прочее/Следящий_ролик.md,duplicate_content::12_Прочее_сопутствующее/Прочее/Следящий ролик.md
12_Прочее_сопутствующее/Прочее/Стационарные_корпуса_серии.md,duplicate_content::12_Прочее_сопутствующее/Прочее/Стационарные корпуса серии.md
12_Прочее_сопутствующее/Прочее/Технические_характеристики.md,duplicate_content::12_Прочее_сопутствующее/Прочее/Технические характеристики.md
12_Прочее_сопутствующее/Прочее/Урок 3. Памятка инструментов захвата.pdf,parse_error_or_empty::.pdf
12_Прочее_сопутствующее/Прочее/Фильтра__dup2.md,duplicate_marker::__dup
"12_Прочее_сопутствующее/Прочее/Что делать, если переговоры зашли в тупик.doc",parse_error_or_empty::.doc
12_Прочее_сопутствующее/Прочее/Шаровой_шарнир_тяги.md,duplicate_content::12_Прочее_сопутствующее/Прочее/Шаровой шарнир тяги.md
12_Прочее_сопутствующее/Прочее/ЭТАПЫ_СБОРКИ_ГАЕК_И_ВИНТОВ_В_РАБОЧУЮ_ПАРУ.md,duplicate_content::12_Прочее_сопутствующее/Прочее/ЭТАПЫ СБОРКИ ГАЕК И ВИНТОВ В РАБОЧУЮ ПАРУ.md
12_Прочее_сопутствующее/Прочее/прОмыШленнОСть__dup2.md,duplicate_marker::__dup
12_Прочее_сопутствующее/Прочее/прОмыШленнОСть__dup3.md,duplicate_marker::__dup
12_Прочее_сопутствующее/Прочее/продукции_12O12.md,duplicate_content::12_Прочее_сопутствующее/Прочее/продукции 12O12.md
12_Прочее_сопутствующее/Прочее/エンジニアリング NACHI COMPLEX__dup2.md,duplicate_marker::__dup
12_Прочее_сопутствующее/Прочее/エンジニアリング_NACHI_COMPLEX.md,duplicate_content::12_Прочее_сопутствующее/Прочее/エンジニアリング NACHI COMPLEX.md
90_Приложения_таблицы_БД/Таблицы/14_ГОСТ_5721-75_Подшипники_роликовые_радиальные_сферические_двухрядные._Типы_и_основные_размеры.pdf,parse_error_or_empty::.pdf
