source,path,reason
book_nav_patch.zip,00_Оглавление.md,duplicate_of::book_nav_patch.zip::README.md
book_nav_patch.zip,SUMMARY.md,service_file
book_nav_patch.zip,mkdocs.yml,tech_or_meta
book_nav_patch.zip,MISSING.csv,tech_or_meta
book_out_001.zip,02_Термины_и_основы/Теория/типы подшипников/APTM Bearings for Industrial Applications__dup2.md,marked_duplicate
book_out_001.zip,02_Термины_и_основы/Теория/типы подшипников/APTM_Bearings_for_Industrial_Applications.md,duplicate_of::book_out_001.zip::02_Термины_и_основы/Теория/типы подшипников/APTM Bearings for Industrial Applications.md
book_out_001.zip,02_Термины_и_основы/Теория/типы подшипников/BALL BEARING__dup2.md,marked_duplicate
book_out_001.zip,02_Термины_и_основы/Теория/типы подшипников/BALL_BEARING.md,duplicate_of::book_out_001.zip::02_Термины_и_основы/Теория/типы подшипников/BALL BEARING.md
book_out_001.zip,02_Термины_и_основы/Теория/типы подшипников/Ball Bearings__dup2.md,marked_duplicate
book_out_001.zip,02_Термины_и_основы/Теория/типы подшипников/Ball Roller Bearing__dup2.md,marked_duplicate
book_out_001.zip,02_Термины_и_основы/Теория/типы подшипников/Ball_Bearings.md,duplicate_of::book_out_001.zip::02_Термины_и_основы/Теория/типы подшипников/Ball Bearings.md
book_out_001.zip,02_Термины_и_основы/Теория/типы подшипников/Ball_Roller_Bearing.md,duplicate_of::book_out_001.zip::02_Термины_и_основы/Теория/типы подшипников/Ball Roller Bearing.md
book_out_001.zip,02_Термины_и_основы/Теория/типы подшипников/Bearings for__dup2.md,marked_duplicate
book_out_001.zip,02_Термины_и_основы/Теория/типы подшипников/Bearings_for.md,duplicate_of::book_out_001.zip::02_Термины_и_основы/Теория/типы подшипников/Bearings for.md
book_out_001.zip,02_Термины_и_основы/Теория/типы подшипников/Caged Roller Bearings__dup2.md,marked_duplicate
book_out_001.zip,02_Термины_и_основы/Теория/типы подшипников/Caged_Roller_Bearings.md,duplicate_of::book_out_001.zip::02_Термины_и_основы/Теория/типы подшипников/Caged Roller Bearings.md
book_out_001.zip,02_Термины_и_основы/Теория/типы подшипников/Cross-Roller Ring Series__dup2.md,marked_duplicate
book_out_001.zip,02_Термины_и_основы/Теория/типы подшипников/Cross-Roller_Ring_Series.md,duplicate_of::book_out_001.zip::02_Термины_и_основы/Теория/типы подшипников/Cross-Roller Ring Series.md
book_out_001.zip,02_Термины_и_основы/Теория/типы подшипников/Deep Groove Ball Bearings__dup2.md,marked_duplicate
book_out_001.zip,02_Термины_и_основы/Теория/типы подшипников/Deep-groove Ball Bearings__dup2.md,marked_duplicate
book_out_001.zip,02_Термины_и_основы/Теория/типы подшипников/Deep-groove_Ball_Bearings.md,duplicate_of::book_out_001.zip::02_Термины_и_основы/Теория/типы подшипников/Deep-groove Ball Bearings.md
book_out_001.zip,02_Термины_и_основы/Теория/типы подшипников/Deep_Groove_Ball_Bearings.md,duplicate_of::book_out_001.zip::02_Термины_и_основы/Теория/типы подшипников/Deep Groove Ball Bearings.md
book_out_001.zip,02_Термины_и_основы/Теория/типы подшипников/Experts in Bearing Solutions__dup2.md,marked_duplicate
book_out_001.zip,02_Термины_и_основы/Теория/типы подшипников/Experts_in_Bearing_Solutions.md,duplicate_of::book_out_001.zip::02_Термины_и_основы/Теория/типы подшипников/Experts in Bearing Solutions.md
book_out_001.zip,02_Термины_и_основы/Теория/типы подшипников/Heavy Duty Needle Roller Bearings__dup2.md,marked_duplicate
book_out_001.zip,02_Термины_и_основы/Теория/типы подшипников/Heavy_Duty_Needle_Roller_Bearings.md,duplicate_of::book_out_001.zip::02_Термины_и_основы/Теория/типы подшипников/Heavy Duty Needle Roller Bearings.md
book_out_001.zip,02_Термины_и_основы/Теория/типы подшипников/Heim Bearings__dup2.md,marked_duplicate
book_out_001.zip,02_Термины_и_основы/Теория/типы подшипников/Heim_Bearings.md,duplicate_of::book_out_001.zip::02_Термины_и_основы/Теория/типы подшипников/Heim Bearings.md
book_out_001.zip,02_Термины_и_основы/Теория/типы подшипников/High Rigidity Type Crossed Roller Bearings V__dup2.md,marked_duplicate
book_out_001.zip,02_Термины_и_основы/Теория/типы подшипников/High precision ball bearings__dup2.md,marked_duplicate
book_out_001.zip,02_Термины_и_основы/Теория/типы подшипников/High_Rigidity_Type_Crossed_Roller_Bearings_V.md,duplicate_of::book_out_001.zip::02_Термины_и_основы/Теория/типы подшипников/High Rigidity Type Crossed Roller Bearings V.md
book_out_001.zip,02_Термины_и_основы/Теория/типы подшипников/High_precision_ball_bearings.md,duplicate_of::book_out_001.zip::02_Термины_и_основы/Теория/типы подшипников/High precision ball bearings.md
book_out_001.zip,02_Термины_и_основы/Теория/типы подшипников/Hybrid Bearing Units for Special Environments__dup2.md,marked_duplicate
book_out_001.zip,02_Термины_и_основы/Теория/типы подшипников/Hybrid_Bearing_Units_for_Special_Environments.md,duplicate_of::book_out_001.zip::02_Термины_и_основы/Теория/типы подшипников/Hybrid Bearing Units for Special Environments.md
book_out_001.zip,02_Термины_и_основы/Теория/типы подшипников/JHS-3i_подшипниковые_корпусные.md,duplicate_of::book_out_001.zip::02_Термины_и_основы/Теория/типы подшипников/JHS-3i подшипниковые корпусные.md
book_out_001.zip,02_Термины_и_основы/Теория/типы подшипников/LARGE BEARINGS__dup2.md,marked_duplicate
book_out_001.zip,02_Термины_и_основы/Теория/типы подшипников/LARGE_BEARINGS.md,duplicate_of::book_out_001.zip::02_Термины_и_основы/Теория/типы подшипников/LARGE BEARINGS.md
book_out_001.zip,02_Термины_и_основы/Теория/типы подшипников/Machined Type Caged Needle Roller Bearings__dup2.md,marked_duplicate
book_out_001.zip,02_Термины_и_основы/Теория/типы подшипников/Machined needle roller bearings__dup2.md,marked_duplicate
book_out_001.zip,02_Термины_и_основы/Теория/типы подшипников/Machined_Type_Caged_Needle_Roller_Bearings.md,duplicate_of::book_out_001.zip::02_Термины_и_основы/Теория/типы подшипников/Machined Type Caged Needle Roller Bearings.md
book_out_001.zip,02_Термины_и_основы/Теория/типы подшипников/Machined_needle_roller_bearings.md,duplicate_of::book_out_001.zip::02_Термины_и_основы/Теория/типы подшипников/Machined needle roller bearings.md
book_out_001.zip,02_Термины_и_основы/Теория/типы подшипников/Needle Roller Bearings with Thrust Ball Bearing__dup2.md,marked_duplicate
book_out_001.zip,02_Термины_и_основы/Теория/типы подшипников/Needle Roller Bearings__dup2.md,marked_duplicate
book_out_001.zip,02_Термины_и_основы/Теория/типы подшипников/Needle Roller Cages for Big End__dup2.md,marked_duplicate
book_out_001.zip,02_Термины_и_основы/Теория/типы подшипников/Needle_Roller_Bearings.md,duplicate_of::book_out_001.zip::02_Термины_и_основы/Теория/типы подшипников/Needle Roller Bearings.md
book_out_001.zip,02_Термины_и_основы/Теория/типы подшипников/Needle_Roller_Bearings_with_Thrust_Ball_Bearing.md,duplicate_of::book_out_001.zip::02_Термины_и_основы/Теория/типы подшипников/Needle Roller Bearings with Thrust Ball Bearing.md
book_out_001.zip,02_Термины_и_основы/Теория/типы подшипников/Needle_Roller_Cages_for_Big_End.md,duplicate_of::book_out_001.zip::02_Термины_и_основы/Теория/типы подшипников/Needle Roller Cages for Big End.md
book_out_001.zip,02_Термины_и_основы/Теория/типы подшипников/Plain Bearings__dup2.md,marked_duplicate
book_out_001.zip,02_Термины_и_основы/Теория/типы подшипников/Plain_Bearings.md,duplicate_of::book_out_001.zip::02_Термины_и_основы/Теория/типы подшипников/Plain Bearings.md
book_out_001.zip,02_Термины_и_основы/Теория/типы подшипников/Precision Rolling Bearings__dup2.md,marked_duplicate
book_out_001.zip,02_Термины_и_основы/Теория/типы подшипников/Precision_Rolling_Bearings.md,duplicate_of::book_out_001.zip::02_Термины_и_основы/Теория/типы подшипников/Precision Rolling Bearings.md
book_out_001.zip,02_Термины_и_основы/Теория/типы подшипников/RHP_ВЫСОКОНАДЕЖНЫЕ_ПОДШИПНИКИ.md,duplicate_of::book_out_001.zip::02_Термины_и_основы/Теория/типы подшипников/RHP ВЫСОКОНАДЕЖНЫЕ ПОДШИПНИКИ.md
book_out_001.zip,02_Термины_и_основы/Теория/типы подшипников/ROlling Bearings__dup2.md,marked_duplicate
book_out_001.zip,02_Термины_и_основы/Теория/типы подшипников/Radial insert ball bearings__dup2.md,marked_duplicate
book_out_001.zip,02_Термины_и_основы/Теория/типы подшипников/Radial_insert_ball_bearings.md,duplicate_of::book_out_001.zip::02_Термины_и_основы/Теория/типы подшипников/Radial insert ball bearings.md
book_out_001.zip,02_Термины_и_основы/Теория/типы подшипников/Rolling_bearings.md,duplicate_of::book_out_001.zip::02_Термины_и_основы/Теория/типы подшипников/ROlling Bearings.md
book_out_001.zip,02_Термины_и_основы/Теория/типы подшипников/SPHERICAL ROLLER__dup2.md,marked_duplicate
book_out_001.zip,02_Термины_и_основы/Теория/типы подшипников/SPHERICAL_ROLLER.md,duplicate_of::book_out_001.zip::02_Термины_и_основы/Теория/типы подшипников/SPHERICAL ROLLER.md
book_out_001.zip,02_Термины_и_основы/Теория/типы подшипников/Sealed Spherical Roller Bearings__dup2.md,marked_duplicate
book_out_001.zip,02_Термины_и_основы/Теория/типы подшипников/Sealed_Spherical_Roller_Bearings.md,duplicate_of::book_out_001.zip::02_Термины_и_основы/Теория/типы подшипников/Sealed Spherical Roller Bearings.md
book_out_001.zip,02_Термины_и_основы/Теория/типы подшипников/Separable Roller Followers__dup2.md,marked_duplicate
book_out_001.zip,02_Термины_и_основы/Теория/типы подшипников/Separable_Roller_Followers.md,duplicate_of::book_out_001.zip::02_Термины_и_основы/Теория/типы подшипников/Separable Roller Followers.md
book_out_001.zip,02_Термины_и_основы/Теория/типы подшипников/Shell Type Caged Needle Roller Bearings__dup2.md,marked_duplicate
book_out_001.zip,02_Термины_и_основы/Теория/типы подшипников/Shell_Type_Caged_Needle_Roller_Bearings.md,duplicate_of::book_out_001.zip::02_Термины_и_основы/Теория/типы подшипников/Shell Type Caged Needle Roller Bearings.md
book_out_001.zip,02_Термины_и_основы/Теория/типы подшипников/Slewing bearings__dup2.md,marked_duplicate
book_out_001.zip,02_Термины_и_основы/Теория/типы подшипников/Slewing_bearings.md,duplicate_of::book_out_001.zip::02_Термины_и_основы/Теория/типы подшипников/Slewing bearings.md
book_out_001.zip,02_Термины_и_основы/Теория/типы подшипников/Spherical Plain Bearings__dup2.md,marked_duplicate
book_out_002.zip,02_Термины_и_основы/Теория/типы подшипников/Spherical_Plain_Bearings.md,duplicate_of::book_out_001.zip::02_Термины_и_основы/Теория/типы подшипников/Spherical Plain Bearings.md
book_out_002.zip,02_Термины_и_основы/Теория/типы подшипников/Spindle_Bearings.md,duplicate_of::book_out_002.zip::02_Термины_и_основы/Теория/типы подшипников/Spindle Bearings.md
book_out_002.zip,02_Термины_и_основы/Теория/типы подшипников/Tapered Roller Bearings RBC Tapered Thrust Bearings__dup2.md,marked_duplicate
book_out_002.zip,02_Термины_и_основы/Теория/типы подшипников/Tapered_Roller_Bearings_RBC_Tapered_Thrust_Bearings.md,duplicate_of::book_out_002.zip::02_Термины_и_основы/Теория/типы подшипников/Tapered Roller Bearings RBC Tapered Thrust Bearings.md
book_out_002.zip,02_Термины_и_основы/Теория/типы подшипников/The bearings are fitted with a newly developed slide layer FLUROGLIDE-MEDIA SOLI__dup2.md,marked_duplicate
book_out_002.zip,02_Термины_и_основы/Теория/типы подшипников/The_bearings_are_fitted_with_a_newly_developed_slide_layer_FLUROGLIDE-MEDIA_SOLI.md,duplicate_of::book_out_002.zip::02_Термины_и_основы/Теория/типы подшипников/The bearings are fitted with a newly developed slide layer FLUROGLIDE-MEDIA SOLI.md
book_out_002.zip,02_Термины_и_основы/Теория/типы подшипников/Thrust Needle Roller Bearings__dup2.md,marked_duplicate
book_out_002.zip,02_Термины_и_основы/Теория/типы подшипников/Thrust_Needle_Roller_Bearings.md,duplicate_of::book_out_002.zip::02_Термины_и_основы/Теория/типы подшипников/Thrust Needle Roller Bearings.md
book_out_002.zip,02_Термины_и_основы/Теория/типы подшипников/UBC Precision Bearing Manufacturing Co. Ltd. is a manufacturer of high-grade__dup2.md,marked_duplicate
book_out_002.zip,02_Термины_и_основы/Теория/типы подшипников/UBC_Precision_Bearing_Manufacturing_Co._Ltd._is_a_manufacturer_of_high-grade.md,duplicate_of::book_out_002.zip::02_Термины_и_основы/Теория/типы подшипников/UBC Precision Bearing Manufacturing Co. Ltd. is a manufacturer of high-grade.md
book_out_002.zip,02_Термины_и_основы/Теория/типы подшипников/ZKL_bearings.md,duplicate_of::book_out_002.zip::02_Термины_и_основы/Теория/типы подшипников/ZKL bearings.md
book_out_002.zip,02_Термины_и_основы/Теория/типы подшипников/aligning_bearings_is_on_pages_41-42..md,duplicate_of::book_out_002.zip::02_Термины_и_основы/Теория/типы подшипников/aligning bearings is on pages 41-42..md
book_out_002.zip,02_Термины_и_основы/Теория/типы подшипников/Втулки скольжения. Подшипники скольжения__dup2.md,marked_duplicate
book_out_002.zip,02_Термины_и_основы/Теория/типы подшипников/ПОДШИПНИКИ__dup2.md,marked_duplicate
book_out_002.zip,02_Термины_и_основы/Теория/типы подшипников/ПОДШИПНИКИ_СЕРИИ.md,duplicate_of::book_out_002.zip::02_Термины_и_основы/Теория/типы подшипников/ПОДШИПНИКИ СЕРИИ.md
book_out_002.zip,02_Термины_и_основы/Теория/типы подшипников/ПОДШИПНИКОВ__dup2.md,marked_duplicate
book_out_002.zip,02_Термины_и_основы/Теория/типы подшипников/ПОДШИПНИКОВЫЕ__dup2.md,marked_duplicate
book_out_002.zip,02_Термины_и_основы/Теория/типы подшипников/Подшипник_с_перекрестными_роликами.md,duplicate_of::book_out_002.zip::02_Термины_и_основы/Теория/типы подшипников/Подшипник с перекрестными роликами.md
book_out_002.zip,02_Термины_и_основы/Теория/типы подшипников/Подшипники_для.md,duplicate_of::book_out_002.zip::02_Термины_и_основы/Теория/типы подшипников/ПОДШИПНИКИ ДЛЯ.md
book_out_002.zip,02_Термины_и_основы/Теория/типы подшипников/Подшипниковые_узлы.md,duplicate_of::book_out_002.zip::02_Термины_и_основы/Теория/типы подшипников/Подшипниковые узлы.md
book_out_002.zip,02_Термины_и_основы/Теория/типы подшипников/Радиальные_роликовые_подшипники_с_цилиндрическими_роликами.md,duplicate_of::book_out_002.zip::02_Термины_и_основы/Теория/типы подшипников/Радиальные роликовые подшипники с цилиндрическими роликами.md
book_out_002.zip,02_Термины_и_основы/Теория/типы подшипников/Сферический_подшипник_скольжения.md,duplicate_of::book_out_002.zip::02_Термины_и_основы/Теория/типы подшипников/Сферический подшипник скольжения.md
book_out_002.zip,02_Термины_и_основы/Теория/типы подшипников/Увеличение_ресурса_подшипников.md,duplicate_of::book_out_002.zip::02_Термины_и_основы/Теория/типы подшипников/Увеличение ресурса подшипников.md
book_out_002.zip,02_Термины_и_основы/Теория/типы подшипников/Шариковая_втулка_LM_с_ограниченным_ходом.md,duplicate_of::book_out_002.zip::02_Термины_и_основы/Теория/типы подшипников/Шариковая втулка LM с ограниченным ходом.md
book_out_002.zip,02_Термины_и_основы/Теория/типы подшипников/Шлицевой_вал_с_шариковой_втулкой.md,duplicate_of::book_out_002.zip::02_Термины_и_основы/Теория/типы подшипников/Шлицевой вал с шариковой втулкой.md
book_out_002.zip,03_ГОСТ_подшипники_и_нормативка/ГОСТ по подшипникам/14_26576-85.pdf,empty_or_unreadable
book_out_003.zip,03_ГОСТ_подшипники_и_нормативка/ГОСТ по подшипникам/14_5721-75.pdf,empty_or_unreadable
book_out_003.zip,03_ГОСТ_подшипники_и_нормативка/ГОСТ/14_ГОСТ_18572-81_Подшипники_роликовые_с_цилиндрическими_роликами_для_букс_железнодорожного_подвижного_с.pdf,duplicate_of::book_out_002.zip::03_ГОСТ_подшипники_и_нормативка/ГОСТ по подшипникам/14_18572-81.pdf
book_out_003.zip,03_ГОСТ_подшипники_и_нормативка/ГОСТ/14_ГОСТ_18854-94_Подшипники_качения._Статическая_грузоподъемность..pdf,duplicate_of::book_out_002.zip::03_ГОСТ_подшипники_и_нормативка/ГОСТ по подшипникам/14_18854-94.pdf
book_out_003.zip,03_ГОСТ_подшипники_и_нормативка/ГОСТ/14_ГОСТ_18855-2013_Подшипники_качения._Динамическая_грузоподъемность_и_номинальный_ресурс..pdf,duplicate_of::book_out_002.zip::03_ГОСТ_подшипники_и_нормативка/ГОСТ по подшипникам/14_18855-2013.pdf
book_out_003.zip,03_ГОСТ_подшипники_и_нормативка/ГОСТ/14_ГОСТ_20531-75_Подшипники_роликовые_игольчатые_радиально-упорные_комбинированные._Технические_условия.pdf,duplicate_of::book_out_002.zip::03_ГОСТ_подшипники_и_нормативка/ГОСТ по подшипникам/14_20531-75.pdf
book_out_003.zip,03_ГОСТ_подшипники_и_нормативка/ГОСТ/14_ГОСТ_20918-75_Подшипники_качения._Методы_расчета_предельной_частоты_вращения.pdf,duplicate_of::book_out_002.zip::03_ГОСТ_подшипники_и_нормативка/ГОСТ по подшипникам/14_20918-75.pdf
book_out_003.zip,03_ГОСТ_подшипники_и_нормативка/ГОСТ/14_ГОСТ_22696-77_Подшипники_качения._Ролики_цилиндрические_короткие._Технические_условия..pdf,duplicate_of::book_out_002.zip::03_ГОСТ_подшипники_и_нормативка/ГОСТ по подшипникам/14_22696-77.pdf
book_out_003.zip,03_ГОСТ_подшипники_и_нормативка/ГОСТ/14_ГОСТ_23179-78_Подшипники_качения_радиальные_шариковые_однорядные_гибкие._Технические_условия..pdf,duplicate_of::book_out_002.zip::03_ГОСТ_подшипники_и_нормативка/ГОСТ по подшипникам/14_23179-78.pdf
book_out_003.zip,03_ГОСТ_подшипники_и_нормативка/ГОСТ/14_ГОСТ_23526-79_Подшипники_роликовые_упорные_с_цилиндрическими_роликами_одинарные._Типы_и_основные_раз.pdf,duplicate_of::book_out_002.zip::03_ГОСТ_подшипники_и_нормативка/ГОСТ по подшипникам/14_23526-79.pdf
book_out_003.zip,03_ГОСТ_подшипники_и_нормативка/ГОСТ/14_ГОСТ_24297-87_Входной_контроль_продукции._Основные_положения..pdf,duplicate_of::book_out_002.zip::03_ГОСТ_подшипники_и_нормативка/ГОСТ по подшипникам/14_24297-87.pdf
book_out_003.zip,03_ГОСТ_подшипники_и_нормативка/ГОСТ/14_ГОСТ_24696-81_Подшипники_роликовые_радиальные_сферические_двухрядные_с_симметричными_роликами._Основ.pdf,duplicate_of::book_out_002.zip::03_ГОСТ_подшипники_и_нормативка/ГОСТ по подшипникам/14_24696-81.pdf
book_out_003.zip,03_ГОСТ_подшипники_и_нормативка/ГОСТ/14_ГОСТ_24810-2013_Подшипники_качения._Внутренние_зазоры..pdf,duplicate_of::book_out_002.zip::03_ГОСТ_подшипники_и_нормативка/ГОСТ по подшипникам/14_24810-2013.pdf
book_out_003.zip,03_ГОСТ_подшипники_и_нормативка/ГОСТ/14_ГОСТ_24955-81_Подшипники_качения._Термины_и_определения..pdf,duplicate_of::book_out_002.zip::03_ГОСТ_подшипники_и_нормативка/ГОСТ по подшипникам/14_24955-81.pdf
book_out_003.zip,03_ГОСТ_подшипники_и_нормативка/ГОСТ/14_ГОСТ_25255-82_Подшипники_качения._Ролики_цилиндрические_длинные._Технические_условия..pdf,duplicate_of::book_out_002.zip::03_ГОСТ_подшипники_и_нормативка/ГОСТ по подшипникам/14_25255-82.pdf
book_out_003.zip,03_ГОСТ_подшипники_и_нормативка/ГОСТ/14_ГОСТ_25256-82_Подшипники_качения._Допуски._Термины_и_определения..pdf,duplicate_of::book_out_002.zip::03_ГОСТ_подшипники_и_нормативка/ГОСТ по подшипникам/14_25256-82.pdf
book_out_003.zip,03_ГОСТ_подшипники_и_нормативка/ГОСТ/14_ГОСТ_25455-82_Подшипники_качения._Втулки_закрепительные_и_стяжные._Технические_условия..pdf,duplicate_of::book_out_002.zip::03_ГОСТ_подшипники_и_нормативка/ГОСТ по подшипникам/14_25455-82.pdf
book_out_003.zip,03_ГОСТ_подшипники_и_нормативка/ГОСТ/14_ГОСТ_28428-90_Подшипники_радиальные_шариковые_сферические_двухрядные._Технические_условия.pdf,duplicate_of::book_out_002.zip::03_ГОСТ_подшипники_и_нормативка/ГОСТ по подшипникам/14_28428-90.pdf
book_out_003.zip,03_ГОСТ_подшипники_и_нормативка/ГОСТ/14_ГОСТ_3395-89_Подшипники_качения._Типы_и_конструктивные_исполнения..pdf,duplicate_of::book_out_002.zip::03_ГОСТ_подшипники_и_нормативка/ГОСТ по подшипникам/14_3395-89.pdf
book_out_003.zip,03_ГОСТ_подшипники_и_нормативка/ГОСТ/14_ГОСТ_5377-79_Подшипники_роликовые_радиальные_с_короткими_цилиндрическими_роликами_без_внутреннего_ил.pdf,duplicate_of::book_out_003.zip::03_ГОСТ_подшипники_и_нормативка/ГОСТ по подшипникам/14_5377-79.pdf
book_out_003.zip,03_ГОСТ_подшипники_и_нормативка/ГОСТ/14_ГОСТ_7242-81_Подшипники_шариковые_радиальные_однорядные_с_защитными_шайбами._Технические_условия.pdf,duplicate_of::book_out_003.zip::03_ГОСТ_подшипники_и_нормативка/ГОСТ по подшипникам/14_7242-81.pdf
book_out_003.zip,03_ГОСТ_подшипники_и_нормативка/ГОСТ/14_ГОСТ_7634-75_Подшипники_радиальные_роликовые_многорядные_с_короткими_цилиндрическими_роликами._Типы_.pdf,duplicate_of::book_out_003.zip::03_ГОСТ_подшипники_и_нормативка/ГОСТ по подшипникам/14_7634-75.pdf
book_out_003.zip,03_ГОСТ_подшипники_и_нормативка/ГОСТ/14_ГОСТ_8328-75_Подшипники_роликовые_радиальные_с_короткими_цилиндрическими_роликами._Типы_и_основные_р.pdf,duplicate_of::book_out_003.zip::03_ГОСТ_подшипники_и_нормативка/ГОСТ по подшипникам/14_8328-75.pdf
book_out_003.zip,03_ГОСТ_подшипники_и_нормативка/ГОСТ/14_ГОСТ_8545-75_Подшипники_шариковые_и_роликовые_двухрядные_с_закрепительными_втулками._Типы_и_основные.pdf,duplicate_of::book_out_003.zip::03_ГОСТ_подшипники_и_нормативка/ГОСТ по подшипникам/14_8545-75.pdf
book_out_003.zip,03_ГОСТ_подшипники_и_нормативка/ГОСТ/14_ГОСТ_8995-75_Подшипники_шариковые_радиально-упорные_однорядные_с_одним_разъемным_кольцом._Типы_и_осн.pdf,duplicate_of::book_out_003.zip::03_ГОСТ_подшипники_и_нормативка/ГОСТ по подшипникам/14_8995-75.pdf
book_out_003.zip,03_ГОСТ_подшипники_и_нормативка/ГОСТ/14_ГОСТ_9013-59_Металлы._Методы_измерения_твердости_по_Роквеллу..pdf,duplicate_of::book_out_003.zip::03_ГОСТ_подшипники_и_нормативка/ГОСТ по подшипникам/14_9013-59.pdf
book_out_003.zip,03_ГОСТ_подшипники_и_нормативка/ГОСТ/14_ГОСТ_9592-75_Подшипники_шариковые_радиальные_с_выступающим_внутренним_кольцом._Технические_условия..pdf,duplicate_of::book_out_003.zip::03_ГОСТ_подшипники_и_нормативка/ГОСТ по подшипникам/14_9592-75.pdf
book_out_003.zip,03_ГОСТ_подшипники_и_нормативка/ГОСТ/14_ГОСТ_9942-90_Подшипники_упорно-радиальные_роликовые_сферические_одинарные._Технические_условия..pdf,duplicate_of::book_out_003.zip::03_ГОСТ_подшипники_и_нормативка/ГОСТ по подшипникам/14_9942-90.pdf
book_out_003.zip,"03_ГОСТ_подшипники_и_нормативка/ГОСТ/29_Высокоскоростные_подшипники_—_подшипники,_у_которых_параметр_dm_х_n_по_ГОСТ_20918—75_более_4,5_х_100.pdf",duplicate_of::book_out_002.zip::03_ГОСТ_подшипники_и_нормативка/ГОСТ по подшипникам/14_20918-75.pdf
book_out_003.zip,03_ГОСТ_подшипники_и_нормативка/ГОСТ/ПОДШИПНИКИ ГОСТ__dup2.md,marked_duplicate
book_out_003.zip,04_ISO_и_международные_обозначения/ISO/Cylindrical sliding bushings according to DIN ISO 43791 are stan-__dup2.md,marked_duplicate
book_out_003.zip,04_ISO_и_международные_обозначения/ISO/Cylindrical_sliding_bushings_according_to_DIN_ISO_43791_are_stan-.md,duplicate_of::book_out_003.zip::04_ISO_и_международные_обозначения/ISO/Cylindrical sliding bushings according to DIN ISO 43791 are stan-.md
book_out_003.zip,04_ISO_и_международные_обозначения/ISO/ISO_90012000.md,duplicate_of::book_out_003.zip::04_ISO_и_международные_обозначения/ISO/ISO 90012000.md
book_out_003.zip,04_ISO_и_международные_обозначения/ISO/Isolates Vibration__dup2.md,marked_duplicate
book_out_003.zip,04_ISO_и_международные_обозначения/ISO/Isolates_Vibration.md,duplicate_of::book_out_003.zip::04_ISO_и_международные_обозначения/ISO/Isolates Vibration.md
book_out_003.zip,04_ISO_и_международные_обозначения/ISO/Подшипники ISO__dup2.md,marked_duplicate
book_out_003.zip,04_ISO_и_международные_обозначения/ISO/Суффиксы ISO__dup2.docx,marked_duplicate
book_out_003.zip,05_Маркировка_суффиксы_серии/Маркировка/суффиксы/14_ГОСТ_3189-89_Подшипники_шариковые_и_роликовые._Система_условных_обозначений..pdf,duplicate_of::book_out_002.zip::03_ГОСТ_подшипники_и_нормативка/ГОСТ по подшипникам/14_3189-89.pdf
book_out_003.zip,05_Маркировка_суффиксы_серии/Маркировка/суффиксы/5_категория_момент_трения_группа_радиальнного_зазора_точность_-_основное_условное_обозначение_подшипни.pdf,duplicate_of::book_out_002.zip::03_ГОСТ_подшипники_и_нормативка/ГОСТ по подшипникам/14_24810-2013.pdf
book_out_003.zip,05_Маркировка_суффиксы_серии/Маркировка/суффиксы/Обозначение_1.md,duplicate_of::book_out_003.zip::05_Маркировка_суффиксы_серии/Маркировка/суффиксы/Обозначение 1.md
book_out_003.zip,05_Маркировка_суффиксы_серии/Маркировка/суффиксы/Обозначение__dup2.md,marked_duplicate
book_out_003.zip,05_Маркировка_суффиксы_серии/Маркировка/суффиксы/Расшифровка подшипников по международной системе обозначений - Сайт по умолчанию__dup2.md,marked_duplicate
book_out_003.zip,05_Маркировка_суффиксы_серии/Маркировка/суффиксы/Расшифровка подшипников по отечественной системе обозначений - Сайт по умолчанию__dup2.md,marked_duplicate
book_out_003.zip,05_Маркировка_суффиксы_серии/Маркировка/суффиксы/Серия_Premium_Quality.md,duplicate_of::book_out_003.zip::05_Маркировка_суффиксы_серии/Маркировка/суффиксы/Серия Premium Quality.md
book_out_003.zip,05_Маркировка_суффиксы_серии/Маркировка/суффиксы/Что означают цифры и буквы на подшипнике_ расшифровка маркировки подшипников.md,duplicate_of::book_out_003.zip::05_Маркировка_суффиксы_серии/Маркировка/суффиксы/Что означают цифры и буквы на подшипнике  расшифровка маркировки подшипников.md
book_out_003.zip,06_Аналоги_и_взаимозаменяемость/Аналоги/АНАЛОГИ__dup2.md,marked_duplicate
book_out_003.zip,06_Аналоги_и_взаимозаменяемость/Аналоги/АНАЛОГИ__dup2.pdf,marked_duplicate
book_out_003.zip,06_Аналоги_и_взаимозаменяемость/Аналоги/Импортные аналоги российских подшипников__dup2.md,marked_duplicate
book_out_003.zip,06_Аналоги_и_взаимозаменяемость/Аналоги/Номенклатура аналогов (1)__dup2.md,marked_duplicate
book_out_003.zip,06_Аналоги_и_взаимозаменяемость/Аналоги/аналоги узлов__dup2.docx,marked_duplicate
book_out_003.zip,06_Аналоги_и_взаимозаменяемость/Аналоги/аналоги узлов__dup2.md,marked_duplicate
book_out_004.zip,07_Бренды_и_каталоги/Бренды/каталоги/Automotive_Catalog_2011.md,duplicate_of::book_out_003.zip::07_Бренды_и_каталоги/Бренды/каталоги/Automotive Catalog 2011.md
book_out_004.zip,07_Бренды_и_каталоги/Бренды/каталоги/COMPACT CATALOGUE__dup2.md,marked_duplicate
book_out_004.zip,07_Бренды_и_каталоги/Бренды/каталоги/COMPACT_CATALOGUE.md,duplicate_of::book_out_004.zip::07_Бренды_и_каталоги/Бренды/каталоги/COMPACT CATALOGUE.md
book_out_004.zip,07_Бренды_и_каталоги/Бренды/каталоги/CRAFT BEARINGS QUALITY CONTROL__dup2.md,marked_duplicate
book_out_004.zip,07_Бренды_и_каталоги/Бренды/каталоги/CRAFT_BEARINGS_QUALITY_CONTROL.md,duplicate_of::book_out_004.zip::07_Бренды_и_каталоги/Бренды/каталоги/CRAFT BEARINGS QUALITY CONTROL.md
book_out_004.zip,07_Бренды_и_каталоги/Бренды/каталоги/CYLINDRICAL ROLLER BEARING CATALOG__dup2.md,marked_duplicate
book_out_004.zip,07_Бренды_и_каталоги/Бренды/каталоги/CYLINDRICAL_ROLLER_BEARING_CATALOG.md,duplicate_of::book_out_004.zip::07_Бренды_и_каталоги/Бренды/каталоги/CYLINDRICAL ROLLER BEARING CATALOG.md
book_out_004.zip,07_Бренды_и_каталоги/Бренды/каталоги/Catalogue GL2008-A__dup2.md,marked_duplicate
book_out_004.zip,07_Бренды_и_каталоги/Бренды/каталоги/Catalogue GLF-1P__dup2.md,marked_duplicate
book_out_004.zip,07_Бренды_и_каталоги/Бренды/каталоги/Catalogue_2013.md,duplicate_of::book_out_004.zip::07_Бренды_и_каталоги/Бренды/каталоги/Catalogue 2013.md
book_out_004.zip,07_Бренды_и_каталоги/Бренды/каталоги/Catalogue_GL2008-A.md,duplicate_of::book_out_004.zip::07_Бренды_и_каталоги/Бренды/каталоги/Catalogue GL2008-A.md
book_out_004.zip,07_Бренды_и_каталоги/Бренды/каталоги/Catalogue_GLF-1P.md,duplicate_of::book_out_004.zip::07_Бренды_и_каталоги/Бренды/каталоги/Catalogue GLF-1P.md
book_out_004.zip,07_Бренды_и_каталоги/Бренды/каталоги/Fersa Bearings use only clean raw materials__dup2.md,marked_duplicate
book_out_004.zip,07_Бренды_и_каталоги/Бренды/каталоги/Fersa_Bearings_use_only_clean_raw_materials.md,duplicate_of::book_out_004.zip::07_Бренды_и_каталоги/Бренды/каталоги/Fersa Bearings use only clean raw materials.md
book_out_004.zip,07_Бренды_и_каталоги/Бренды/каталоги/GENERAL CATALOGUE__dup2.md,marked_duplicate
book_out_004.zip,07_Бренды_и_каталоги/Бренды/каталоги/GENERAL_CATALOGUE.md,duplicate_of::book_out_004.zip::07_Бренды_и_каталоги/Бренды/каталоги/GENERAL CATALOGUE.md
book_out_004.zip,07_Бренды_и_каталоги/Бренды/каталоги/INDUSTRIAL POWER TRANSMISSION CATALOG__dup2.md,marked_duplicate
book_out_004.zip,07_Бренды_и_каталоги/Бренды/каталоги/INDUSTRIAL_POWER_TRANSMISSION_CATALOG.md,duplicate_of::book_out_004.zip::07_Бренды_и_каталоги/Бренды/каталоги/INDUSTRIAL POWER TRANSMISSION CATALOG.md
book_out_004.zip,07_Бренды_и_каталоги/Бренды/каталоги/NSK high performance bearings help to maximize uptime__dup2.md,marked_duplicate
book_out_004.zip,07_Бренды_и_каталоги/Бренды/каталоги/NSK_high_performance_bearings_help_to_maximize_uptime.md,duplicate_of::book_out_004.zip::07_Бренды_и_каталоги/Бренды/каталоги/NSK high performance bearings help to maximize uptime.md
book_out_004.zip,07_Бренды_и_каталоги/Бренды/каталоги/SKF composite__dup2.md,marked_duplicate
book_out_004.zip,07_Бренды_и_каталоги/Бренды/каталоги/SKF heavy-duty__dup2.md,marked_duplicate
book_out_004.zip,07_Бренды_и_каталоги/Бренды/каталоги/SKF spherical plain__dup2.md,marked_duplicate
book_out_004.zip,07_Бренды_и_каталоги/Бренды/каталоги/SKF_composite.md,duplicate_of::book_out_004.zip::07_Бренды_и_каталоги/Бренды/каталоги/SKF composite.md
book_out_004.zip,07_Бренды_и_каталоги/Бренды/каталоги/SKF_heavy-duty.md,duplicate_of::book_out_004.zip::07_Бренды_и_каталоги/Бренды/каталоги/SKF heavy-duty.md
book_out_004.zip,07_Бренды_и_каталоги/Бренды/каталоги/SKF_spherical_plain.md,duplicate_of::book_out_004.zip::07_Бренды_и_каталоги/Бренды/каталоги/SKF spherical plain.md
book_out_004.zip,07_Бренды_и_каталоги/Бренды/каталоги/THRUST_BEARING_CATALOG_1.md,duplicate_of::book_out_004.zip::07_Бренды_и_каталоги/Бренды/каталоги/THRUST BEARING CATALOG 1.md
book_out_004.zip,07_Бренды_и_каталоги/Бренды/каталоги/TIMKEN ANGULAR CONTACT BALL BEARING CATALOG__dup2.md,marked_duplicate
book_out_004.zip,07_Бренды_и_каталоги/Бренды/каталоги/TIMKEN DEEP GROOVE BALL BEARING CATALOG__dup2.md,marked_duplicate
book_out_004.zip,07_Бренды_и_каталоги/Бренды/каталоги/TIMKEN ENGINEERING MANUAL__dup2.md,marked_duplicate
book_out_004.zip,07_Бренды_и_каталоги/Бренды/каталоги/TIMKEN METRIC TAPERED ROLLER BEARINGS__dup2.md,marked_duplicate
book_out_004.zip,07_Бренды_и_каталоги/Бренды/каталоги/TIMKEN PRODUCTS CATALOG D1__dup2.md,marked_duplicate
book_out_004.zip,07_Бренды_и_каталоги/Бренды/каталоги/TIMKEN_ANGULAR_CONTACT_BALL_BEARING_CATALOG.md,duplicate_of::book_out_004.zip::07_Бренды_и_каталоги/Бренды/каталоги/TIMKEN ANGULAR CONTACT BALL BEARING CATALOG.md
book_out_004.zip,07_Бренды_и_каталоги/Бренды/каталоги/TIMKEN_DEEP_GROOVE_BALL_BEARING_CATALOG.md,duplicate_of::book_out_004.zip::07_Бренды_и_каталоги/Бренды/каталоги/TIMKEN DEEP GROOVE BALL BEARING CATALOG.md
book_out_004.zip,07_Бренды_и_каталоги/Бренды/каталоги/TIMKEN_ENGINEERING_MANUAL.md,duplicate_of::book_out_004.zip::07_Бренды_и_каталоги/Бренды/каталоги/TIMKEN ENGINEERING MANUAL.md
book_out_004.zip,07_Бренды_и_каталоги/Бренды/каталоги/TIMKEN_METRIC_TAPERED_ROLLER_BEARINGS.md,duplicate_of::book_out_004.zip::07_Бренды_и_каталоги/Бренды/каталоги/TIMKEN METRIC TAPERED ROLLER BEARINGS.md
book_out_004.zip,07_Бренды_и_каталоги/Бренды/каталоги/TIMKEN_PRODUCTS_CATALOG_D1.md,duplicate_of::book_out_004.zip::07_Бренды_и_каталоги/Бренды/каталоги/TIMKEN PRODUCTS CATALOG D1.md
book_out_004.zip,07_Бренды_и_каталоги/Бренды/каталоги/brands (2)__dup2.md,marked_duplicate
book_out_004.zip,07_Бренды_и_каталоги/Бренды/каталоги/brands (2)__dup3.md,marked_duplicate
book_out_004.zip,07_Бренды_и_каталоги/Бренды/каталоги/brands__dup2.docx,marked_duplicate
book_out_004.zip,07_Бренды_и_каталоги/Бренды/каталоги/catalogo-ed02__dup2.md,marked_duplicate
book_out_004.zip,07_Бренды_и_каталоги/Бренды/каталоги/catalogo-ed02__dup3.md,marked_duplicate
book_out_007.zip,07_Бренды_и_каталоги/Бренды/каталоги/cepi-dlja-selhoztehniki-skf__dup2.md,marked_duplicate
book_out_007.zip,07_Бренды_и_каталоги/Бренды/каталоги/cepi-dlja-selhoztehniki-skf__dup3.md,marked_duplicate
book_out_007.zip,07_Бренды_и_каталоги/Бренды/каталоги/varmec catalog rcv-cv__dup2.md,marked_duplicate
book_out_007.zip,07_Бренды_и_каталоги/Бренды/каталоги/varmec_catalog_rcv-cv.md,duplicate_of::book_out_007.zip::07_Бренды_и_каталоги/Бренды/каталоги/varmec catalog rcv-cv.md
book_out_007.zip,07_Бренды_и_каталоги/Бренды/каталоги/www.craft-bearings.com__dup2.md,marked_duplicate
book_out_007.zip,07_Бренды_и_каталоги/Бренды/каталоги/www.fersa.com__dup2.md,marked_duplicate
book_out_007.zip,07_Бренды_и_каталоги/Бренды/каталоги/www.ntn-snr.com__dup2.md,marked_duplicate
book_out_007.zip,07_Бренды_и_каталоги/Бренды/каталоги/Высокотемпературные-подшипники-skf__dup2.md,marked_duplicate
book_out_007.zip,07_Бренды_и_каталоги/Бренды/каталоги/Высокотемпературные-подшипники-skf__dup3.md,marked_duplicate
book_out_007.zip,07_Бренды_и_каталоги/Бренды/каталоги/Игольчатые-роликоподшипники-NTN__dup2.md,marked_duplicate
book_out_007.zip,07_Бренды_и_каталоги/Бренды/каталоги/Игольчатые-роликоподшипники-NTN__dup3.md,marked_duplicate
book_out_008.zip,07_Бренды_и_каталоги/Бренды/каталоги/Каталог-Звезд-без-ступицы-под-расточку-A-стандарта-ASA-ANSI__dup2.md,marked_duplicate
book_out_008.zip,07_Бренды_и_каталоги/Бренды/каталоги/Каталог-Звезд-без-ступицы-под-расточку-A-стандарта-ASA-ANSI__dup3.md,marked_duplicate
book_out_008.zip,07_Бренды_и_каталоги/Бренды/каталоги/Каталог-втулок-скольжения-ISB__dup2.md,marked_duplicate
book_out_008.zip,07_Бренды_и_каталоги/Бренды/каталоги/Каталог-втулок-скольжения-ISB__dup3.md,marked_duplicate
book_out_008.zip,07_Бренды_и_каталоги/Бренды/каталоги/Каталог-звезд-CHIARAVALLI__dup2.md,marked_duplicate
book_out_008.zip,07_Бренды_и_каталоги/Бренды/каталоги/Каталог-звезд-CHIARAVALLI__dup3.md,marked_duplicate
book_out_008.zip,07_Бренды_и_каталоги/Бренды/каталоги/Каталог-звезд-Sati__dup2.md,marked_duplicate
book_out_008.zip,07_Бренды_и_каталоги/Бренды/каталоги/Каталог-звезд-Sati__dup3.md,marked_duplicate
book_out_008.zip,07_Бренды_и_каталоги/Бренды/каталоги/Каталог-звезд-со-ступицей-под-расточку-A-стандарта-ASA-ANSI__dup2.md,marked_duplicate
book_out_008.zip,07_Бренды_и_каталоги/Бренды/каталоги/Каталог-звезд-со-ступицей-под-расточку-A-стандарта-ASA-ANSI__dup3.md,marked_duplicate
book_out_008.zip,07_Бренды_и_каталоги/Бренды/каталоги/Каталог-звездочек-с-каленым-зубом__dup2.md,marked_duplicate
book_out_008.zip,07_Бренды_и_каталоги/Бренды/каталоги/Каталог-звездочек-с-каленым-зубом__dup3.md,marked_duplicate
book_out_008.zip,07_Бренды_и_каталоги/Бренды/каталоги/Каталог-зубчатых-реек__dup2.md,marked_duplicate
book_out_008.zip,07_Бренды_и_каталоги/Бренды/каталоги/Каталог-зубчатых-реек__dup3.md,marked_duplicate
book_out_008.zip,07_Бренды_и_каталоги/Бренды/каталоги/Каталог-зубчатых-шестерен-без-ступицы__dup2.md,marked_duplicate
book_out_008.zip,07_Бренды_и_каталоги/Бренды/каталоги/Каталог-зубчатых-шестерен-без-ступицы__dup3.md,marked_duplicate
book_out_008.zip,07_Бренды_и_каталоги/Бренды/каталоги/Каталог-зубчатых-шестерен-с-каленом-зубом-и-со-ступицей__dup2.md,marked_duplicate
book_out_008.zip,07_Бренды_и_каталоги/Бренды/каталоги/Каталог-зубчатых-шестерен-с-каленом-зубом-и-со-ступицей__dup3.md,marked_duplicate
book_out_008.zip,07_Бренды_и_каталоги/Бренды/каталоги/Каталог-зубчатых-шестерен-со-ступицей__dup2.md,marked_duplicate
book_out_008.zip,07_Бренды_и_каталоги/Бренды/каталоги/Каталог-зубчатых-шестерен-со-ступицей__dup3.md,marked_duplicate
book_out_008.zip,07_Бренды_и_каталоги/Бренды/каталоги/Каталог-плоских-ремней-Esband__dup2.md,marked_duplicate
book_out_008.zip,07_Бренды_и_каталоги/Бренды/каталоги/Каталог-плоских-ремней-Esband__dup3.md,marked_duplicate
book_out_008.zip,07_Бренды_и_каталоги/Бренды/каталоги/Каталог-редукторов-Chiaravalli-на-русском-языке__dup2.md,marked_duplicate
book_out_008.zip,07_Бренды_и_каталоги/Бренды/каталоги/Каталог-ремней-Bando__dup2.md,marked_duplicate
book_out_008.zip,07_Бренды_и_каталоги/Бренды/каталоги/Каталог-ремней-Bando__dup3.md,marked_duplicate
book_out_008.zip,07_Бренды_и_каталоги/Бренды/каталоги/Каталог-ремней-CONTITECH__dup2.md,marked_duplicate
book_out_008.zip,07_Бренды_и_каталоги/Бренды/каталоги/Каталог-ремней-CONTITECH__dup3.md,marked_duplicate
book_out_008.zip,07_Бренды_и_каталоги/Бренды/каталоги/Каталог-ремней-Elatech__dup2.md,marked_duplicate
book_out_008.zip,07_Бренды_и_каталоги/Бренды/каталоги/Каталог-ремней-Elatech__dup3.md,marked_duplicate
book_out_008.zip,07_Бренды_и_каталоги/Бренды/каталоги/Каталог-ремней-Gates__dup2.md,marked_duplicate
book_out_008.zip,07_Бренды_и_каталоги/Бренды/каталоги/Каталог-ремней-Gates__dup3.md,marked_duplicate
book_out_008.zip,07_Бренды_и_каталоги/Бренды/каталоги/Каталог-ремней-Megadyne__dup2.md,marked_duplicate
book_out_008.zip,07_Бренды_и_каталоги/Бренды/каталоги/Каталог-ремней-Megadyne__dup3.md,marked_duplicate
book_out_008.zip,07_Бренды_и_каталоги/Бренды/каталоги/Каталог-ремней-OPTIBELT__dup2.md,marked_duplicate
book_out_009.zip,07_Бренды_и_каталоги/Бренды/каталоги/Каталог-ремней-OPTIBELT__dup3.md,marked_duplicate
book_out_009.zip,07_Бренды_и_каталоги/Бренды/каталоги/Каталог-ремней-Rubena__dup2.md,marked_duplicate
book_out_009.zip,07_Бренды_и_каталоги/Бренды/каталоги/Каталог-ремней-Rubena__dup3.md,marked_duplicate
book_out_009.zip,07_Бренды_и_каталоги/Бренды/каталоги/Каталог-ремней-Synchroflex-и-Brecoflex__dup2.md,marked_duplicate
book_out_009.zip,07_Бренды_и_каталоги/Бренды/каталоги/Каталог-ремней-Synchroflex-и-Brecoflex__dup3.md,marked_duplicate
book_out_009.zip,07_Бренды_и_каталоги/Бренды/каталоги/Каталог-усиленных-ремней-Synchrochain-Carbon-de en__dup2.md,marked_duplicate
book_out_009.zip,07_Бренды_и_каталоги/Бренды/каталоги/Каталог-усиленных-ремней-Synchrochain-Carbon-de_en.md,duplicate_of::book_out_009.zip::07_Бренды_и_каталоги/Бренды/каталоги/Каталог-усиленных-ремней-Synchrochain-Carbon-de en.md
book_out_011.zip,07_Бренды_и_каталоги/Бренды/каталоги/Корпусные-подшипники-skf__dup2.md,marked_duplicate
book_out_011.zip,07_Бренды_и_каталоги/Бренды/каталоги/Корпусные-подшипниковые-узлы-Nke__dup2.md,marked_duplicate
book_out_011.zip,07_Бренды_и_каталоги/Бренды/каталоги/Корпусные-подшипниковые-узлы-Nke__dup3.md,marked_duplicate
book_out_012.zip,07_Бренды_и_каталоги/Бренды/каталоги/Подшипники SKF__dup2.docx,marked_duplicate
book_out_012.zip,07_Бренды_и_каталоги/Бренды/каталоги/Подшипники SKF__dup2.md,marked_duplicate
book_out_012.zip,07_Бренды_и_каталоги/Бренды/каталоги/Шариковые-и-роликовые-подшипники-NTN__dup2.md,marked_duplicate
book_out_012.zip,07_Бренды_и_каталоги/Бренды/каталоги/Шариковые-и-роликовые-подшипники-NTN__dup3.md,marked_duplicate
book_out_012.zip,08_Автомобильные_комплекты/Автокомплекты/Freewheel_Clutches.md,duplicate_of::book_out_012.zip::08_Автомобильные_комплекты/Автокомплекты/Freewheel Clutches.md
book_out_012.zip,08_Автомобильные_комплекты/Автокомплекты/Sprag Type Freewheel Clutches__dup2.md,marked_duplicate
book_out_012.zip,08_Автомобильные_комплекты/Автокомплекты/Sprag_Type_Freewheel_Clutches.md,duplicate_of::book_out_012.zip::08_Автомобильные_комплекты/Автокомплекты/Sprag Type Freewheel Clutches.md
book_out_012.zip,08_Автомобильные_комплекты/Автокомплекты/АВТОМОБИЛЬНАЯ_ПРОДУКЦИЯ.md,duplicate_of::book_out_012.zip::08_Автомобильные_комплекты/Автокомплекты/АВТОМОБИЛЬНАЯ ПРОДУКЦИЯ.md
book_out_012.zip,08_Автомобильные_комплекты/Автокомплекты/Комплекты подшипников. Подшипник дуплекс__dup2.md,marked_duplicate
book_out_012.zip,09_Линейные_системы_и_передачи/Линейные системы/Ball Screw Support Bearings__dup2.md,marked_duplicate
book_out_012.zip,09_Линейные_системы_и_передачи/Линейные системы/Ball Screw__dup2.md,marked_duplicate
book_out_012.zip,09_Линейные_системы_и_передачи/Линейные системы/Ball_Screw.md,duplicate_of::book_out_012.zip::09_Линейные_системы_и_передачи/Линейные системы/Ball Screw.md
book_out_012.zip,09_Линейные_системы_и_передачи/Линейные системы/Ball_Screw_Support_Bearings.md,duplicate_of::book_out_012.zip::09_Линейные_системы_и_передачи/Линейные системы/Ball Screw Support Bearings.md
book_out_012.zip,09_Линейные_системы_и_передачи/Линейные системы/Linear Actuator__dup2.md,marked_duplicate
book_out_012.zip,09_Линейные_системы_и_передачи/Линейные системы/Linear Motion Rolling Guide Series__dup2.md,marked_duplicate
book_out_012.zip,09_Линейные_системы_и_передачи/Линейные системы/Linear Motor System__dup2.md,marked_duplicate
book_out_012.zip,09_Линейные_системы_и_передачи/Линейные системы/Linear ball bearings__dup2.md,marked_duplicate
book_out_012.zip,09_Линейные_системы_и_передачи/Линейные системы/Linear_Actuator.md,duplicate_of::book_out_012.zip::09_Линейные_системы_и_передачи/Линейные системы/Linear Actuator.md
book_out_012.zip,09_Линейные_системы_и_передачи/Линейные системы/Linear_Motion_Rolling_Guide_Series.md,duplicate_of::book_out_012.zip::09_Линейные_системы_и_передачи/Линейные системы/Linear Motion Rolling Guide Series.md
book_out_012.zip,09_Линейные_системы_и_передачи/Линейные системы/Linear_Motion_Rolling_Guide_Series_1.md,duplicate_of::book_out_012.zip::09_Линейные_системы_и_передачи/Линейные системы/Linear Motion Rolling Guide Series 1.md
book_out_012.zip,09_Линейные_системы_и_передачи/Линейные системы/Linear_Motor_System.md,duplicate_of::book_out_012.zip::09_Линейные_системы_и_передачи/Линейные системы/Linear Motor System.md
book_out_012.zip,09_Линейные_системы_и_передачи/Линейные системы/Linear_ball_bearings.md,duplicate_of::book_out_012.zip::09_Линейные_системы_и_передачи/Линейные системы/Linear ball bearings.md
book_out_012.zip,09_Линейные_системы_и_передачи/Линейные системы/components-for-linear-motion-nbs__dup2.md,marked_duplicate
book_out_012.zip,09_Линейные_системы_и_передачи/Линейные системы/components-for-linear-motion-nbs__dup3.md,marked_duplicate
book_out_012.zip,09_Линейные_системы_и_передачи/Линейные системы/Прецизионная_миниатюрная_линейная_направляющая.md,duplicate_of::book_out_012.zip::09_Линейные_системы_и_передачи/Линейные системы/Прецизионная миниатюрная линейная направляющая.md
book_out_012.zip,09_Линейные_системы_и_передачи/Линейные системы/Шариковая_втулка_c_направляющейшариковая_линейная_втулка.md,duplicate_of::book_out_012.zip::09_Линейные_системы_и_передачи/Линейные системы/Шариковая втулка c направляющейшариковая линейная втулка.md
book_out_012.zip,10_Ремни_шкивы_цепи/Ремни/шкивы/цепи/Murtfeldt-Устройства-натяжения-цепей-и-ремней__dup2.md,marked_duplicate
book_out_013.zip,10_Ремни_шкивы_цепи/Ремни/шкивы/цепи/Murtfeldt_Направляющие-цепей-и-ремней-профили.md,duplicate_of::book_out_012.zip::10_Ремни_шкивы_цепи/Ремни/шкивы/цепи/Murtfeldt Направляющие-цепей-и-ремней-профили.md
book_out_013.zip,10_Ремни_шкивы_цепи/Ремни/шкивы/цепи/optibelt_ÄccoÚËÏÂÌÚ_èoÏÎÂÌÌÂ_ÔËoÌÂ_ÂÏÌË_àÁÂÎË_ËÁ_ÏÂÚÎÎa.md,duplicate_of::book_out_013.zip::10_Ремни_шкивы_цепи/Ремни/шкивы/цепи/optibelt ÄccoÚËÏÂÌÚ èoÏÎÂÌÌÂ ÔËoÌÂ ÂÏÌË àÁÂÎË ËÁ ÏÂÚÎÎa.md
book_out_013.zip,10_Ремни_шкивы_цепи/Ремни/шкивы/цепи/Звездочки__dup2.md,marked_duplicate
book_out_013.zip,11_РТИ_рукава_уплотнения/ГОСТ/ISO по РТИ/14_ГОСТ_26576-85_Подшипники_качения._Кольца_стопорные_эксцентрические_и_концентрические_и_винты_установ.pdf,empty_or_unreadable
book_out_013.zip,11_РТИ_рукава_уплотнения/ГОСТ/ISO по РТИ/14_ГОСТ_28707-90_Подшипники_качения._Кольца_упорные_фасонные._Технические_условия.pdf,duplicate_of::book_out_002.zip::03_ГОСТ_подшипники_и_нормативка/ГОСТ по подшипникам/14_28707-90.pdf
book_out_013.zip,11_РТИ_рукава_уплотнения/ГОСТ/ISO по РТИ/14_ГОСТ_2893-82_Подшипники_качения._Канавки_под_упорные_пружинные_кольца._Кольца_упорные_пружинные._Раз.pdf,duplicate_of::book_out_002.zip::03_ГОСТ_подшипники_и_нормативка/ГОСТ по подшипникам/14_2893-82.pdf
book_out_013.zip,12_Прочее_сопутствующее/Прочее/0ek56yhg7fqca2lqd55pu12u1qw2mnh5__dup2.md,marked_duplicate
book_out_013.zip,12_Прочее_сопутствующее/Прочее/13568-97__dup2.md,marked_duplicate
book_out_013.zip,12_Прочее_сопутствующее/Прочее/13576-81__dup2.md,marked_duplicate
book_out_013.zip,12_Прочее_сопутствующее/Прочее/16ooa1utzscv9hbv5q2ru3ew2vqjtg2c.md,empty_or_unreadable
book_out_013.zip,12_Прочее_сопутствующее/Прочее/16ooa1utzscv9hbv5q2ru3ew2vqjtg2c__dup2.md,marked_duplicate
book_out_013.zip,12_Прочее_сопутствующее/Прочее/2010.01edition__dup2.md,marked_duplicate
book_out_013.zip,12_Прочее_сопутствующее/Прочее/2010.01edition__dup3.md,marked_duplicate
book_out_013.zip,12_Прочее_сопутствующее/Прочее/22696-2013__dup2.md,marked_duplicate
book_out_013.zip,12_Прочее_сопутствующее/Прочее/22696-2013__dup3.md,marked_duplicate
book_out_013.zip,12_Прочее_сопутствующее/Прочее/25255-82__dup2.md,marked_duplicate
book_out_013.zip,12_Прочее_сопутствующее/Прочее/3722-2014__dup2.md,marked_duplicate
book_out_013.zip,12_Прочее_сопутствующее/Прочее/3722-2014__dup3.md,marked_duplicate
book_out_013.zip,12_Прочее_сопутствующее/Прочее/59_22646-77.pdf,empty_or_unreadable
book_out_013.zip,12_Прочее_сопутствующее/Прочее/5_24810-2013.pdf,duplicate_of::book_out_002.zip::03_ГОСТ_подшипники_и_нормативка/ГОСТ по подшипникам/14_24810-2013.pdf
book_out_013.zip,12_Прочее_сопутствующее/Прочее/6870-81__dup2.md,marked_duplicate
book_out_013.zip,12_Прочее_сопутствующее/Прочее/82986__dup2.md,marked_duplicate
book_out_013.zip,12_Прочее_сопутствующее/Прочее/Arbres de précision__dup2.md,marked_duplicate
book_out_013.zip,12_Прочее_сопутствующее/Прочее/Arbres_de_précision.md,duplicate_of::book_out_013.zip::12_Прочее_сопутствующее/Прочее/Arbres de précision.md
book_out_013.zip,12_Прочее_сопутствующее/Прочее/BASIC_DYNAMIC.md,duplicate_of::book_out_013.zip::12_Прочее_сопутствующее/Прочее/BASIC DYNAMIC.md
book_out_013.zip,12_Прочее_сопутствующее/Прочее/BASIC_DYNAMIC_RADIAL.md,duplicate_of::book_out_013.zip::12_Прочее_сопутствующее/Прочее/BASIC DYNAMIC RADIAL.md
book_out_013.zip,12_Прочее_сопутствующее/Прочее/BASIC_DYNAMIC_RADIAL_1.md,duplicate_of::book_out_013.zip::12_Прочее_сопутствующее/Прочее/BASIC DYNAMIC RADIAL 1.md
book_out_013.zip,12_Прочее_сопутствующее/Прочее/BECO Italy__dup2.md,marked_duplicate
book_out_013.zip,12_Прочее_сопутствующее/Прочее/BECO_Italy.md,duplicate_of::book_out_013.zip::12_Прочее_сопутствующее/Прочее/BECO Italy.md
book_out_013.zip,12_Прочее_сопутствующее/Прочее/BECO_Italy_1.md,duplicate_of::book_out_013.zip::12_Прочее_сопутствующее/Прочее/BECO Italy 1.md
book_out_013.zip,12_Прочее_сопутствующее/Прочее/BHTS_2RS_C3_VT_180.md,duplicate_of::book_out_013.zip::12_Прочее_сопутствующее/Прочее/BHTS 2RS C3 VT 180.md
book_out_013.zip,12_Прочее_сопутствующее/Прочее/BHTS_2RS_C4_VT.md,duplicate_of::book_out_013.zip::12_Прочее_сопутствующее/Прочее/BHTS 2RS C4 VT.md
book_out_013.zip,12_Прочее_сопутствующее/Прочее/BHTS_2RS_VT_250-280.md,duplicate_of::book_out_013.zip::12_Прочее_сопутствующее/Прочее/BHTS 2RS VT 250-280.md
book_out_013.zip,12_Прочее_сопутствующее/Прочее/BHTS_ZZ.md,duplicate_of::book_out_013.zip::12_Прочее_сопутствующее/Прочее/BHTS ZZ.md
book_out_013.zip,12_Прочее_сопутствующее/Прочее/BHTS_ZZ_C4_200.md,duplicate_of::book_out_013.zip::12_Прочее_сопутствующее/Прочее/BHTS ZZ C4 200.md
book_out_013.zip,12_Прочее_сопутствующее/Прочее/BHTS_ZZ_C4_220-250.md,duplicate_of::book_out_013.zip::12_Прочее_сопутствующее/Прочее/BHTS ZZ C4 220-250.md
book_out_013.zip,12_Прочее_сопутствующее/Прочее/BHTS_ZZ_GR_CG_350.md,duplicate_of::book_out_013.zip::12_Прочее_сопутствующее/Прочее/BHTS ZZ GR CG 350.md
book_out_013.zip,12_Прочее_сопутствующее/Прочее/BLS_ZZ_70.md,duplicate_of::book_out_013.zip::12_Прочее_сопутствующее/Прочее/BLS ZZ 70.md
book_out_013.zip,12_Прочее_сопутствующее/Прочее/Ballscrews__dup2.md,marked_duplicate
book_out_013.zip,12_Прочее_сопутствующее/Прочее/Ballscrews__dup3.md,marked_duplicate
book_out_013.zip,12_Прочее_сопутствующее/Прочее/BeCo_Srl_Italy.md,duplicate_of::book_out_013.zip::12_Прочее_сопутствующее/Прочее/BeCo Srl Italy.md
book_out_013.zip,12_Прочее_сопутствующее/Прочее/Bore Diameter I.D.__dup2.md,marked_duplicate
book_out_013.zip,12_Прочее_сопутствующее/Прочее/Bore_Diameter_I.D..md,duplicate_of::book_out_013.zip::12_Прочее_сопутствующее/Прочее/Bore Diameter I.D..md
book_out_013.zip,12_Прочее_сопутствующее/Прочее/Bussole e accessori__dup2.md,marked_duplicate
book_out_013.zip,12_Прочее_сопутствующее/Прочее/Bussole_e_accessori.md,duplicate_of::book_out_013.zip::12_Прочее_сопутствующее/Прочее/Bussole e accessori.md
book_out_013.zip,12_Прочее_сопутствующее/Прочее/Butées à billes à contact oblique à double eﬀ et de haute précision__dup2.md,marked_duplicate
book_out_013.zip,12_Прочее_сопутствующее/Прочее/Butées_à_billes_à_contact_oblique_à_double_eﬀ_et_de_haute_précision.md,duplicate_of::book_out_013.zip::12_Прочее_сопутствующее/Прочее/Butées à billes à contact oblique à double eﬀ et de haute précision.md
book_out_013.zip,12_Прочее_сопутствующее/Прочее/CAT. NO. 2202TE__dup2.md,marked_duplicate
book_out_013.zip,12_Прочее_сопутствующее/Прочее/CAT. No. 3103E__dup2.md,marked_duplicate
book_out_013.zip,12_Прочее_сопутствующее/Прочее/CAT._NO._2202TE.md,duplicate_of::book_out_013.zip::12_Прочее_сопутствующее/Прочее/CAT. NO. 2202TE.md
book_out_013.zip,12_Прочее_сопутствующее/Прочее/CAT._No._3103E.md,duplicate_of::book_out_013.zip::12_Прочее_сопутствующее/Прочее/CAT. No. 3103E.md
book_out_013.zip,12_Прочее_сопутствующее/Прочее/COMMERCIAL__dup2.md,marked_duplicate
book_out_013.zip,12_Прочее_сопутствующее/Прочее/CONTENTS .......................................................................__dup2.md,marked_duplicate
book_out_013.zip,12_Прочее_сопутствующее/Прочее/CONTENTS_........................................................................md,duplicate_of::book_out_013.zip::12_Прочее_сопутствующее/Прочее/CONTENTS ........................................................................md
book_out_013.zip,12_Прочее_сопутствующее/Прочее/CPM was established in 1967 as a small mechanical workshop for__dup2.md,marked_duplicate
book_out_013.zip,12_Прочее_сопутствующее/Прочее/CPM_was_established_in_1967_as_a_small_mechanical_workshop_for.md,duplicate_of::book_out_013.zip::12_Прочее_сопутствующее/Прочее/CPM was established in 1967 as a small mechanical workshop for.md
book_out_013.zip,12_Прочее_сопутствующее/Прочее/CUSCINETTI DI BASE__dup2.md,marked_duplicate
book_out_013.zip,12_Прочее_сопутствующее/Прочее/CUSCINETTI_DI_BASE.md,duplicate_of::book_out_013.zip::12_Прочее_сопутствующее/Прочее/CUSCINETTI DI BASE.md
book_out_013.zip,12_Прочее_сопутствующее/Прочее/Cam Followers__dup2.md,marked_duplicate
book_out_013.zip,12_Прочее_сопутствующее/Прочее/Cam_Followers.md,duplicate_of::book_out_013.zip::12_Прочее_сопутствующее/Прочее/Cam Followers.md
book_out_013.zip,12_Прочее_сопутствующее/Прочее/Cat.No.BE111__dup2.md,marked_duplicate
book_out_013.zip,12_Прочее_сопутствующее/Прочее/Cat.No.BE111__dup3.md,marked_duplicate
book_out_013.zip,12_Прочее_сопутствующее/Прочее/Cuscinetti a rulli conici serie metriche ed in pollici__dup2.md,marked_duplicate
book_out_013.zip,12_Прочее_сопутствующее/Прочее/Cuscinetti assiali a rulli conici a doppio effetto__dup2.md,marked_duplicate
book_out_013.zip,12_Прочее_сопутствующее/Прочее/Cuscinetti assiali a sfere__dup2.md,marked_duplicate
book_out_013.zip,12_Прочее_сопутствующее/Прочее/Cuscinetti assiali orientabili a rulli__dup2.md,marked_duplicate
book_out_013.zip,12_Прочее_сопутствующее/Прочее/Cuscinetti obliqui a sfere__dup2.md,marked_duplicate
book_out_013.zip,12_Прочее_сопутствующее/Прочее/Cuscinetti orientabili a rulli__dup2.md,marked_duplicate
book_out_013.zip,12_Прочее_сопутствующее/Прочее/Cuscinetti orientabili a sfere__dup2.md,marked_duplicate
book_out_013.zip,12_Прочее_сопутствующее/Прочее/Cuscinetti radiali a sfere__dup2.md,marked_duplicate
book_out_013.zip,12_Прочее_сопутствующее/Прочее/Cuscinetti_a_rulli_conici_serie_metriche_ed_in_pollici.md,duplicate_of::book_out_013.zip::12_Прочее_сопутствующее/Прочее/Cuscinetti a rulli conici serie metriche ed in pollici.md
book_out_013.zip,12_Прочее_сопутствующее/Прочее/Cuscinetti_assiali_a_rulli_conici_a_doppio_effetto.md,duplicate_of::book_out_013.zip::12_Прочее_сопутствующее/Прочее/Cuscinetti assiali a rulli conici a doppio effetto.md
book_out_013.zip,12_Прочее_сопутствующее/Прочее/Cuscinetti_assiali_a_sfere.md,duplicate_of::book_out_013.zip::12_Прочее_сопутствующее/Прочее/Cuscinetti assiali a sfere.md
book_out_013.zip,12_Прочее_сопутствующее/Прочее/Cuscinetti_assiali_orientabili_a_rulli.md,duplicate_of::book_out_013.zip::12_Прочее_сопутствующее/Прочее/Cuscinetti assiali orientabili a rulli.md
book_out_013.zip,12_Прочее_сопутствующее/Прочее/Cuscinetti_obliqui_a_sfere.md,duplicate_of::book_out_013.zip::12_Прочее_сопутствующее/Прочее/Cuscinetti obliqui a sfere.md
book_out_013.zip,12_Прочее_сопутствующее/Прочее/Cuscinetti_orientabili_a_rulli.md,duplicate_of::book_out_013.zip::12_Прочее_сопутствующее/Прочее/Cuscinetti orientabili a rulli.md
book_out_013.zip,12_Прочее_сопутствующее/Прочее/Cuscinetti_orientabili_a_sfere.md,duplicate_of::book_out_013.zip::12_Прочее_сопутствующее/Прочее/Cuscinetti orientabili a sfere.md
book_out_013.zip,12_Прочее_сопутствующее/Прочее/Cuscinetti_radiali_a_sfere.md,duplicate_of::book_out_013.zip::12_Прочее_сопутствующее/Прочее/Cuscinetti radiali a sfere.md
book_out_013.zip,12_Прочее_сопутствующее/Прочее/Double Row__dup2.md,marked_duplicate
book_out_013.zip,12_Прочее_сопутствующее/Прочее/Double_Row.md,duplicate_of::book_out_013.zip::12_Прочее_сопутствующее/Прочее/Double Row.md
book_out_013.zip,12_Прочее_сопутствующее/Прочее/DriveIT Permanent Magnet Motors__dup2.md,marked_duplicate
book_out_013.zip,12_Прочее_сопутствующее/Прочее/DriveIT_Permanent_Magnet_Motors.md,duplicate_of::book_out_013.zip::12_Прочее_сопутствующее/Прочее/DriveIT Permanent Magnet Motors.md
book_out_013.zip,12_Прочее_сопутствующее/Прочее/Ed. Jan.2006 Copyright 2006 Schaublin-SA All rights reserved__dup2.md,marked_duplicate
book_out_013.zip,12_Прочее_сопутствующее/Прочее/Ed._Jan.2006_Copyright_2006_Schaublin-SA_All_rights_reserved.md,duplicate_of::book_out_013.zip::12_Прочее_сопутствующее/Прочее/Ed. Jan.2006 Copyright 2006 Schaublin-SA All rights reserved.md
book_out_013.zip,12_Прочее_сопутствующее/Прочее/Electric Drives__dup2.md,marked_duplicate
book_out_013.zip,12_Прочее_сопутствующее/Прочее/Electric_Drives.md,duplicate_of::book_out_013.zip::12_Прочее_сопутствующее/Прочее/Electric Drives.md
book_out_013.zip,12_Прочее_сопутствующее/Прочее/External Gear Pumps__dup2.md,marked_duplicate
book_out_013.zip,12_Прочее_сопутствующее/Прочее/External_Gear_Pumps.md,duplicate_of::book_out_013.zip::12_Прочее_сопутствующее/Прочее/External Gear Pumps.md
book_out_014.zip,12_Прочее_сопутствующее/Прочее/FLURO-Gelenklager GmbH__dup2.md,marked_duplicate
book_out_014.zip,12_Прочее_сопутствующее/Прочее/FLURO-Gelenklager_GmbH.md,duplicate_of::book_out_014.zip::12_Прочее_сопутствующее/Прочее/FLURO-Gelenklager GmbH.md
book_out_014.zip,12_Прочее_сопутствующее/Прочее/FOR YOUR INDUSTRY__dup2.md,marked_duplicate
book_out_014.zip,12_Прочее_сопутствующее/Прочее/FOR_YOUR_INDUSTRY.md,duplicate_of::book_out_014.zip::12_Прочее_сопутствующее/Прочее/FOR YOUR INDUSTRY.md
book_out_014.zip,12_Прочее_сопутствующее/Прочее/GMN Paul Müller Industrie GmbH Co. KG__dup2.md,marked_duplicate
book_out_014.zip,12_Прочее_сопутствующее/Прочее/GMN_Paul_Müller_Industrie_GmbH_Co._KG.md,duplicate_of::book_out_014.zip::12_Прочее_сопутствующее/Прочее/GMN Paul Müller Industrie GmbH Co. KG.md
book_out_014.zip,12_Прочее_сопутствующее/Прочее/Genauigkeit_Steifigkeit.md,duplicate_of::book_out_014.zip::12_Прочее_сопутствующее/Прочее/Genauigkeit Steifigkeit.md
book_out_014.zip,12_Прочее_сопутствующее/Прочее/High Capacity__dup2.md,marked_duplicate
book_out_014.zip,12_Прочее_сопутствующее/Прочее/High carbon steel cage type__dup2.md,marked_duplicate
book_out_014.zip,12_Прочее_сопутствующее/Прочее/High speed spindles__dup2.md,marked_duplicate
book_out_014.zip,12_Прочее_сопутствующее/Прочее/High_Capacity.md,duplicate_of::book_out_014.zip::12_Прочее_сопутствующее/Прочее/High Capacity.md
book_out_014.zip,12_Прочее_сопутствующее/Прочее/High_carbon_steel_cage_type.md,duplicate_of::book_out_014.zip::12_Прочее_сопутствующее/Прочее/High carbon steel cage type.md
book_out_014.zip,12_Прочее_сопутствующее/Прочее/High_speed_spindles.md,duplicate_of::book_out_014.zip::12_Прочее_сопутствующее/Прочее/High speed spindles.md
book_out_014.zip,12_Прочее_сопутствующее/Прочее/Introduction__dup2.md,marked_duplicate
book_out_014.zip,12_Прочее_сопутствующее/Прочее/Leistungsdaten_Performance_data.md,duplicate_of::book_out_014.zip::12_Прочее_сопутствующее/Прочее/Leistungsdaten Performance data.md
book_out_014.zip,12_Прочее_сопутствующее/Прочее/MOTOR SPORT__dup2.md,marked_duplicate
book_out_014.zip,12_Прочее_сопутствующее/Прочее/MOTOR_SPORT.md,duplicate_of::book_out_014.zip::12_Прочее_сопутствующее/Прочее/MOTOR SPORT.md
book_out_014.zip,12_Прочее_сопутствующее/Прочее/Mechatronics Series__dup2.md,marked_duplicate
book_out_014.zip,12_Прочее_сопутствующее/Прочее/Mechatronics_Series.md,duplicate_of::book_out_014.zip::12_Прочее_сопутствующее/Прочее/Mechatronics Series.md
book_out_014.zip,12_Прочее_сопутствующее/Прочее/OUR_PRODUCTS.md,duplicate_of::book_out_014.zip::12_Прочее_сопутствующее/Прочее/OUR PRODUCTS.md
book_out_014.zip,12_Прочее_сопутствующее/Прочее/Ofsetový tisk__dup2.md,marked_duplicate
book_out_014.zip,12_Прочее_сопутствующее/Прочее/Ofsetový_tisk.md,duplicate_of::book_out_014.zip::12_Прочее_сопутствующее/Прочее/Ofsetový tisk.md
book_out_014.zip,12_Прочее_сопутствующее/Прочее/Operating Instructions__dup2.md,marked_duplicate
book_out_014.zip,12_Прочее_сопутствующее/Прочее/Operating_Instructions.md,duplicate_of::book_out_014.zip::12_Прочее_сопутствующее/Прочее/Operating Instructions.md
book_out_014.zip,12_Прочее_сопутствующее/Прочее/POSTFACH 1825 35528 WETZLAR GERMANY__dup2.md,marked_duplicate
book_out_014.zip,12_Прочее_сопутствующее/Прочее/POSTFACH_1825_35528_WETZLAR_GERMANY.md,duplicate_of::book_out_014.zip::12_Прочее_сопутствующее/Прочее/POSTFACH 1825 35528 WETZLAR GERMANY.md
book_out_014.zip,12_Прочее_сопутствующее/Прочее/Patines_de_rodillos_sobre_raíles.md,duplicate_of::book_out_014.zip::12_Прочее_сопутствующее/Прочее/Patines de rodillos sobre raíles.md
book_out_014.zip,"12_Прочее_сопутствующее/Прочее/Podshipniki_kacheniya_CHixacheva,Lukyyanov,Dmitrieva_UMP_EI_4(2) (1).md","duplicate_of::book_out_014.zip::12_Прочее_сопутствующее/Прочее/Podshipniki kacheniya CHixacheva,Lukyyanov,Dmitrieva UMP EI 4(2) (1).md"
book_out_014.zip,12_Прочее_сопутствующее/Прочее/Positioning_Measurement.md,duplicate_of::book_out_014.zip::12_Прочее_сопутствующее/Прочее/Positioning Measurement.md
book_out_014.zip,12_Прочее_сопутствующее/Прочее/Precision-engineered solutions for aerospace__dup2.md,marked_duplicate
book_out_014.zip,12_Прочее_сопутствующее/Прочее/Precision-engineered_solutions_for_aerospace.md,duplicate_of::book_out_014.zip::12_Прочее_сопутствующее/Прочее/Precision-engineered solutions for aerospace.md
book_out_014.zip,12_Прочее_сопутствующее/Прочее/Printed in Japan 2018.11 AK__dup2.md,marked_duplicate
book_out_014.zip,12_Прочее_сопутствующее/Прочее/Printed_in_Japan_2018.11_AK.md,duplicate_of::book_out_014.zip::12_Прочее_сопутствующее/Прочее/Printed in Japan 2018.11 AK.md
book_out_014.zip,12_Прочее_сопутствующее/Прочее/Printed_in_Japan_Mar._2012.md,duplicate_of::book_out_014.zip::12_Прочее_сопутствующее/Прочее/Printed in Japan Mar. 2012.md
book_out_014.zip,12_Прочее_сопутствующее/Прочее/Product Range__dup2.md,marked_duplicate
book_out_014.zip,12_Прочее_сопутствующее/Прочее/Product_Range.md,duplicate_of::book_out_014.zip::12_Прочее_сопутствующее/Прочее/Product Range.md
book_out_014.zip,12_Прочее_сопутствующее/Прочее/Project Planning Manual__dup2.md,marked_duplicate
book_out_014.zip,12_Прочее_сопутствующее/Прочее/Project_Planning_Manual.md,duplicate_of::book_out_014.zip::12_Прочее_сопутствующее/Прочее/Project Planning Manual.md
book_out_014.zip,12_Прочее_сопутствующее/Прочее/Rod ends for the food__dup2.md,marked_duplicate
book_out_014.zip,12_Прочее_сопутствующее/Прочее/Rod_ends_for_the_food.md,duplicate_of::book_out_014.zip::12_Прочее_сопутствующее/Прочее/Rod ends for the food.md
book_out_014.zip,12_Прочее_сопутствующее/Прочее/Rotating Centres__dup2.md,marked_duplicate
book_out_014.zip,12_Прочее_сопутствующее/Прочее/Rotating_Centres.md,duplicate_of::book_out_014.zip::12_Прочее_сопутствующее/Прочее/Rotating Centres.md
book_out_014.zip,12_Прочее_сопутствующее/Прочее/Rubber compounds__dup2.md,marked_duplicate
book_out_014.zip,12_Прочее_сопутствующее/Прочее/Rubber_compounds.md,duplicate_of::book_out_014.zip::12_Прочее_сопутствующее/Прочее/Rubber compounds.md
book_out_014.zip,12_Прочее_сопутствующее/Прочее/Shablon_KPI_20200519T224902.xls,empty_or_unreadable
book_out_014.zip,12_Прочее_сопутствующее/Прочее/Slewing rings__dup2.md,marked_duplicate
book_out_014.zip,12_Прочее_сопутствующее/Прочее/Slewing_rings.md,duplicate_of::book_out_014.zip::12_Прочее_сопутствующее/Прочее/Slewing rings.md
book_out_014.zip,12_Прочее_сопутствующее/Прочее/Steel Chains__dup2.md,marked_duplicate
book_out_014.zip,12_Прочее_сопутствующее/Прочее/Steel_Chains.md,duplicate_of::book_out_014.zip::12_Прочее_сопутствующее/Прочее/Steel Chains.md
book_out_014.zip,12_Прочее_сопутствующее/Прочее/Steelstainless__dup2.md,marked_duplicate
book_out_014.zip,12_Прочее_сопутствующее/Прочее/Steelstainless__dup3.md,marked_duplicate
book_out_014.zip,12_Прочее_сопутствующее/Прочее/Symbols and Units__dup2.md,marked_duplicate
book_out_014.zip,12_Прочее_сопутствующее/Прочее/Symbols_and_Units.md,duplicate_of::book_out_014.zip::12_Прочее_сопутствующее/Прочее/Symbols and Units.md
book_out_014.zip,12_Прочее_сопутствующее/Прочее/TECHNICAL MANUAL__dup2.md,marked_duplicate
book_out_014.zip,12_Прочее_сопутствующее/Прочее/TECHNICAL_MANUAL.md,duplicate_of::book_out_014.zip::12_Прочее_сопутствующее/Прочее/TECHNICAL MANUAL.md
book_out_014.zip,12_Прочее_сопутствующее/Прочее/TECHNICAL_MANUAL_1.md,duplicate_of::book_out_014.zip::12_Прочее_сопутствующее/Прочее/TECHNICAL MANUAL 1.md
book_out_014.zip,12_Прочее_сопутствующее/Прочее/THE_POWER_OF.md,duplicate_of::book_out_014.zip::12_Прочее_сопутствующее/Прочее/THE POWER OF.md
book_out_014.zip,12_Прочее_сопутствующее/Прочее/TRELLEBORG__dup2.md,marked_duplicate
book_out_014.zip,12_Прочее_сопутствующее/Прочее/TRELLEBORG__dup3.md,marked_duplicate
book_out_014.zip,12_Прочее_сопутствующее/Прочее/TUNG PEI INDUSTRIAL CO. LTD.__dup2.md,marked_duplicate
book_out_014.zip,12_Прочее_сопутствующее/Прочее/TUNG PEI INDUSTRIAL CO. LTD__dup2.md,marked_duplicate
book_out_014.zip,12_Прочее_сопутствующее/Прочее/TUNG_PEI_INDUSTRIAL_CO._LTD..md,duplicate_of::book_out_014.zip::12_Прочее_сопутствующее/Прочее/TUNG PEI INDUSTRIAL CO. LTD..md
book_out_014.zip,12_Прочее_сопутствующее/Прочее/TUNG_PEI_INDUSTRIAL_CO._LTD.md,duplicate_of::book_out_014.zip::12_Прочее_сопутствующее/Прочее/TUNG PEI INDUSTRIAL CO. LTD.md
book_out_014.zip,12_Прочее_сопутствующее/Прочее/Technical_guide_No._5.md,duplicate_of::book_out_014.zip::12_Прочее_сопутствующее/Прочее/Technical guide No. 5.md
book_out_014.zip,12_Прочее_сопутствующее/Прочее/Technology_Precision_Innovation.md,duplicate_of::book_out_014.zip::12_Прочее_сопутствующее/Прочее/Technology Precision Innovation.md
book_out_014.zip,12_Прочее_сопутствующее/Прочее/Temperature__dup2.md,marked_duplicate
book_out_014.zip,12_Прочее_сопутствующее/Прочее/Temperature__dup3.md,marked_duplicate
book_out_014.zip,12_Прочее_сопутствующее/Прочее/UKF-Lagerköpfe__dup2.md,marked_duplicate
book_out_014.zip,12_Прочее_сопутствующее/Прочее/UKF-Lagerköpfe__dup3.md,marked_duplicate
book_out_014.zip,12_Прочее_сопутствующее/Прочее/USA_9820_Whithorn_Dr._Suite_B_-_Houston_TX_77095_USA_Phone800_323-5725_281_858-7.md,duplicate_of::book_out_014.zip::12_Прочее_сопутствующее/Прочее/USA 9820 Whithorn Dr. Suite B - Houston TX 77095 USA Phone800 323-5725 281 858-7.md
book_out_014.zip,12_Прочее_сопутствующее/Прочее/USERS HANDBOOK__dup2.md,marked_duplicate
book_out_014.zip,12_Прочее_сопутствующее/Прочее/USERS_HANDBOOK.md,duplicate_of::book_out_014.zip::12_Прочее_сопутствующее/Прочее/USERS HANDBOOK.md
book_out_014.zip,12_Прочее_сопутствующее/Прочее/ZZZÀLLQGXVWULHIU__dup2.md,marked_duplicate
book_out_014.zip,12_Прочее_сопутствующее/Прочее/aar3papzy9nyjiyn760xbhhot8479i9w__dup2.md,marked_duplicate
book_out_014.zip,12_Прочее_сопутствующее/Прочее/cepi-donghua-2020__dup2.md,marked_duplicate
book_out_015.zip,12_Прочее_сопутствующее/Прочее/cepi-donghua-2020__dup3.md,marked_duplicate
book_out_015.zip,12_Прочее_сопутствующее/Прочее/cepi-lbp-882-tab-lbp-882-m__dup2.md,marked_duplicate
book_out_015.zip,12_Прочее_сопутствующее/Прочее/cepi-lbp-882-tab-lbp-882-m__dup3.md,marked_duplicate
book_out_015.zip,12_Прочее_сопутствующее/Прочее/chervjachnye-motor-reduktory-bonfiglioli-vf-ep-w-ep__dup2.md,marked_duplicate
book_out_015.zip,12_Прочее_сопутствующее/Прочее/cilindricheskie-reduktory-trc__dup2.md,marked_duplicate
book_out_015.zip,12_Прочее_сопутствующее/Прочее/componentry-rexnord-1__dup2.md,marked_duplicate
book_out_015.zip,12_Прочее_сопутствующее/Прочее/componentry-rexnord-1__dup3.md,marked_duplicate
book_out_015.zip,12_Прочее_сопутствующее/Прочее/gmdehwmslircj7a87axq725o0b2v8vwt__dup2.md,marked_duplicate
book_out_015.zip,12_Прочее_сопутствующее/Прочее/jelektrodvigateli-motive__dup2.md,marked_duplicate
book_out_015.zip,12_Прочее_сопутствующее/Прочее/jelektrodvigateli-motive__dup3.md,marked_duplicate
book_out_015.zip,12_Прочее_сопутствующее/Прочее/k_Mainikova.md,duplicate_of::book_out_015.zip::12_Прочее_сопутствующее/Прочее/k Mainikova.md
book_out_015.zip,12_Прочее_сопутствующее/Прочее/katalog-cepej-i-napravljajushhih-s2ci__dup2.md,marked_duplicate
book_out_015.zip,12_Прочее_сопутствующее/Прочее/katalog-cepej-i-napravljajushhih-s2ci__dup3.md,marked_duplicate
book_out_015.zip,12_Прочее_сопутствующее/Прочее/katalog-dvigatelej-motive-s-tormozom-atdc__dup2.md,marked_duplicate
book_out_015.zip,12_Прочее_сопутствующее/Прочее/katalog-jelektrodvigatelej-abm-greiffenberger-antriebstechnik__dup2.md,marked_duplicate
book_out_015.zip,12_Прочее_сопутствующее/Прочее/katalog-jelektrodvigatelej-abm-greiffenberger-antriebstechnik__dup3.md,marked_duplicate
book_out_015.zip,12_Прочее_сопутствующее/Прочее/katalog-muft-i-vtulok-renold__dup2.md,marked_duplicate
book_out_015.zip,12_Прочее_сопутствующее/Прочее/katalog-muft-i-vtulok-renold__dup3.md,marked_duplicate
book_out_015.zip,12_Прочее_сопутствующее/Прочее/katalog-na-chervjachnye-reduktory-nord-universal-si-smi__dup2.md,marked_duplicate
book_out_015.zip,12_Прочее_сопутствующее/Прочее/katalog-privodnyh-cepej-zvezd-i-napravljajushhih-renold__dup2.md,marked_duplicate
book_out_015.zip,12_Прочее_сопутствующее/Прочее/katalog-remnej-i-komplektujushhih-fenner__dup2.md,marked_duplicate
book_out_015.zip,12_Прочее_сопутствующее/Прочее/katalog-remnej-i-komplektujushhih-fenner__dup3.md,marked_duplicate
book_out_015.zip,12_Прочее_сопутствующее/Прочее/katalog__dup2.md,marked_duplicate
book_out_015.zip,12_Прочее_сопутствующее/Прочее/katalog_cvr-nmrw.md,duplicate_of::book_out_015.zip::12_Прочее_сопутствующее/Прочее/katalog cvr-nmrw.md
book_out_015.zip,12_Прочее_сопутствующее/Прочее/katalog_podshipniki_kacheniya.md,duplicate_of::book_out_015.zip::12_Прочее_сопутствующее/Прочее/katalog podshipniki kacheniya.md
book_out_015.zip,12_Прочее_сопутствующее/Прочее/marbett katalog english__dup2.md,marked_duplicate
book_out_015.zip,12_Прочее_сопутствующее/Прочее/marbett_katalog_english.md,duplicate_of::book_out_015.zip::12_Прочее_сопутствующее/Прочее/marbett katalog english.md
book_out_015.zip,12_Прочее_сопутствующее/Прочее/motovario sw general__dup2.md,marked_duplicate
book_out_015.zip,12_Прочее_сопутствующее/Прочее/motovario_sw_general.md,duplicate_of::book_out_015.zip::12_Прочее_сопутствующее/Прочее/motovario sw general.md
book_out_015.zip,12_Прочее_сопутствующее/Прочее/nbs-podshipniki-katalog-polnyy__dup2.md,marked_duplicate
book_out_015.zip,12_Прочее_сопутствующее/Прочее/nbs-podshipniki-katalog-polnyy__dup3.md,marked_duplicate
book_out_015.zip,12_Прочее_сопутствующее/Прочее/oboznachenija_podshipnikov.md,duplicate_of::book_out_015.zip::12_Прочее_сопутствующее/Прочее/oboznachenija podshipnikov.md
book_out_015.zip,12_Прочее_сопутствующее/Прочее/of the Rings__dup2.md,marked_duplicate
book_out_015.zip,12_Прочее_сопутствующее/Прочее/of_the_Rings.md,duplicate_of::book_out_015.zip::12_Прочее_сопутствующее/Прочее/of the Rings.md
book_out_015.zip,12_Прочее_сопутствующее/Прочее/part number__dup2.md,marked_duplicate
book_out_015.zip,12_Прочее_сопутствующее/Прочее/part_number.md,duplicate_of::book_out_015.zip::12_Прочее_сопутствующее/Прочее/part number.md
book_out_015.zip,12_Прочее_сопутствующее/Прочее/plastikovye-plastinchatye-cepi-magris__dup2.md,marked_duplicate
book_out_015.zip,12_Прочее_сопутствующее/Прочее/plastikovye-plastinchatye-cepi-magris__dup3.md,marked_duplicate
book_out_015.zip,12_Прочее_сопутствующее/Прочее/pm-lekciya-11__dup2.md,marked_duplicate
book_out_015.zip,12_Прочее_сопутствующее/Прочее/podshipniki_sistema_oboznacheniya.md,duplicate_of::book_out_015.zip::12_Прочее_сопутствующее/Прочее/podshipniki sistema oboznacheniya.md
book_out_015.zip,12_Прочее_сопутствующее/Прочее/poliuretanovye-klinovye-i-kruglye-resni-megaweld__dup2.md,marked_duplicate
book_out_015.zip,12_Прочее_сопутствующее/Прочее/poliuretanovye-klinovye-i-kruglye-resni-megaweld__dup3.md,marked_duplicate
book_out_015.zip,12_Прочее_сопутствующее/Прочее/povorotnye-sektora-movex__dup2.md,marked_duplicate
book_out_015.zip,12_Прочее_сопутствующее/Прочее/povorotnye-sektora-movex__dup3.md,marked_duplicate
book_out_015.zip,12_Прочее_сопутствующее/Прочее/primer-otveta.docx,empty_or_unreadable
book_out_015.zip,12_Прочее_сопутствующее/Прочее/primer-otveta2.docx,empty_or_unreadable
book_out_015.zip,12_Прочее_сопутствующее/Прочее/sample__dup2.md,marked_duplicate
book_out_015.zip,12_Прочее_сопутствующее/Прочее/servisní sklad__dup2.md,marked_duplicate
book_out_015.zip,12_Прочее_сопутствующее/Прочее/servisní_sklad.md,duplicate_of::book_out_015.zip::12_Прочее_сопутствующее/Прочее/servisní sklad.md
book_out_015.zip,12_Прочее_сопутствующее/Прочее/sistemy-linejnogo-peremeshhenija__dup2.md,marked_duplicate
book_out_015.zip,12_Прочее_сопутствующее/Прочее/ti_cat_tir_std_eng_r05_0.md,duplicate_of::book_out_015.zip::12_Прочее_сопутствующее/Прочее/ti cat tir std eng r05 0.md
book_out_015.zip,12_Прочее_сопутствующее/Прочее/tyres tubes__dup2.md,marked_duplicate
book_out_015.zip,12_Прочее_сопутствующее/Прочее/tyres_tubes.md,duplicate_of::book_out_015.zip::12_Прочее_сопутствующее/Прочее/tyres tubes.md
book_out_015.zip,12_Прочее_сопутствующее/Прочее/uglovye-siti__dup2.md,marked_duplicate
book_out_015.zip,12_Прочее_сопутствующее/Прочее/uglovye-siti__dup3.md,marked_duplicate
book_out_015.zip,12_Прочее_сопутствующее/Прочее/www.anadolurulman.com.tr__dup2.md,marked_duplicate
