path,ext,chars,bytes_md
12_Прочее_сопутствующее/Прочее/zsczic03ojzt71w69x4btg7sewhcjx4j.md,.md,263369,264359
12_Прочее_сопутствующее/Прочее/Анкета оценки трудовой мотивации (1).doc,.doc,5070,8329
12_Прочее_сопутствующее/Прочее/Безопасность_в_интернете_Рекомендации_по_работе_с_электронной_почтой.md,.md,4245,7980
"12_Прочее_сопутствующее/Прочее/Быстроразъемные соединения БРС, КАМЛОКИ, адаптеры, переходники и фитинги.md",.md,26413,48570
12_Прочее_сопутствующее/Прочее/Быстроразъемные_соединения_БРС_КАМЛОКИ_адаптеры_переходники_и_фитинги.md,.md,26376,47513
12_Прочее_сопутствующее/Прочее/ДОЖИМ.docx,.docx,1758,3277
12_Прочее_сопутствующее/Прочее/Договор_поставки_ООО Эверест.docx,.docx,21100,38186
12_Прочее_сопутствующее/Прочее/Ежедневно общаюсь с сотрудниками.pdf,.pdf,873,1779
12_Прочее_сопутствующее/Прочее/Закон_РБ_О_защите_прав_потребителей.md,.md,13736,25386
12_Прочее_сопутствующее/Прочее/Коды_мобильных_операторов_Беларуси_и_телефонные_коды_городов_Беларуси_и_коды_стран_мира.md,.md,16106,24862
12_Прочее_сопутствующее/Прочее/Крестовины карданного вала и крестовины вала рулевого управления.md,.md,7755,13148
12_Прочее_сопутствующее/Прочее/Крестовины_карданного_вала_и_крестовины_вала_рулевого_управления.md,.md,8168,12800
12_Прочее_сопутствующее/Прочее/Матрица KPI специалиста по продажам (1).doc,.doc,828,1443
12_Прочее_сопутствующее/Прочее/Матрица KPI специалиста по продажам.doc,.doc,473,924
12_Прочее_сопутствующее/Прочее/Наконечник тяги.md,.md,34776,53568
12_Прочее_сопутствующее/Прочее/Насосы шестеренные НШ купить в Беларуси - Aprom.md,.md,4473,7925
12_Прочее_сопутствующее/Прочее/Насосы шестеренные НШ.md,.md,4457,7811
12_Прочее_сопутствующее/Прочее/Насосы_шестеренные_НШ.md,.md,4860,7931
12_Прочее_сопутствующее/Прочее/Опорный ролик.md,.md,107183,171953
12_Прочее_сопутствующее/Прочее/Опросник для диагностики существующей системы мотивации (1).doc,.doc,2943,5069
12_Прочее_сопутствующее/Прочее/Основные_неисправности_ременной_передачи.md,.md,17311,30955
12_Прочее_сопутствующее/Прочее/ПРЕЦИЗИОННЫЕ КОМПОНЕНТЫ.md,.md,37731,67124
12_Прочее_сопутствующее/Прочее/Подробный скрипт-алгоритм породаж  (1).pdf,.pdf,16664,30212
12_Прочее_сопутствующее/Прочее/Программа поставки.md,.md,36523,62898
12_Прочее_сопутствующее/Прочее/Продажи.docx,.docx,3223,5710
12_Прочее_сопутствующее/Прочее/Промышленная гидравлика.md,.md,236834,389554
12_Прочее_сопутствующее/Прочее/Промышленная_гидравлика.md,.md,236850,389586
12_Прочее_сопутствующее/Прочее/РАДИАЛЬНЫЕ.md,.md,16703,29121
12_Прочее_сопутствующее/Прочее/РЕЛЬСОВЫЕ СИСТЕМЫ.md,.md,21329,30594
12_Прочее_сопутствующее/Прочее/РУКОВОДСТВО ПО ЭКСПЛУАТАЦИИ.md,.md,104386,180658
12_Прочее_сопутствующее/Прочее/Работающие подходы формирования системы KPI (1).pdf,.pdf,992,1962
12_Прочее_сопутствующее/Прочее/Регламент формирования плана продаж компании «Альфа» (1).docx,.docx,8482,15091
12_Прочее_сопутствующее/Прочее/Редукторы.md,.md,26284,47967
12_Прочее_сопутствующее/Прочее/Решения для промышленности.md,.md,11629,19395
12_Прочее_сопутствующее/Прочее/Ролики_конвейерные.md,.md,9277,17024
12_Прочее_сопутствующее/Прочее/Скрипт продаж с разбивкой по этапам.doc,.doc,4556,7606
12_Прочее_сопутствующее/Прочее/Скрипт с выходом на ЛПР через секретаря  (1).doc,.doc,3098,5803
12_Прочее_сопутствующее/Прочее/Скрипт_ пример активной продажи по телефону  (1).docx,.docx,2005,3863
12_Прочее_сопутствующее/Прочее/Следящий ролик.md,.md,57451,93569
12_Прочее_сопутствующее/Прочее/Стационарные корпуса серии.md,.md,60449,84505
12_Прочее_сопутствующее/Прочее/Технические характеристики.md,.md,29854,37066
12_Прочее_сопутствующее/Прочее/Технические_жидкости.md,.md,4687,8622
12_Прочее_сопутствующее/Прочее/Урок 1. Памятка инструментов воронки маркетинга.pdf,.pdf,1760,3463
12_Прочее_сопутствующее/Прочее/Урок 4. Памятка мотивов выбора клиентов.pdf,.pdf,1014,2042
12_Прочее_сопутствующее/Прочее/Урок 5. Шаблон РДВ.pdf,.pdf,171,448
12_Прочее_сопутствующее/Прочее/Урок 6. Правила работы с CRM-системой.pdf,.pdf,3283,6144
12_Прочее_сопутствующее/Прочее/Фильтра.md,.md,19642,34399
12_Прочее_сопутствующее/Прочее/Шариковая опора.md,.md,4895,9111
12_Прочее_сопутствующее/Прочее/Шариковая_опора.md,.md,4899,8783
12_Прочее_сопутствующее/Прочее/Шариковые_и.md,.md,751675,1061246
12_Прочее_сопутствующее/Прочее/Шарнирные головки - шарнирные наконечники - наконечники штоков.md,.md,9654,13996
12_Прочее_сопутствующее/Прочее/Шарнирные_головки_-_шарнирные_наконечники_-_наконечники_штоков.md,.md,11330,15512
12_Прочее_сопутствующее/Прочее/Шаровой шарнир тяги.md,.md,46263,76633
12_Прочее_сопутствующее/Прочее/ЭТАПЫ СБОРКИ ГАЕК И ВИНТОВ В РАБОЧУЮ ПАРУ.md,.md,7850,9752
12_Прочее_сопутствующее/Прочее/методичка.docx,.docx,26153,46811
12_Прочее_сопутствующее/Прочее/методичка.pdf,.pdf,27347,48994
12_Прочее_сопутствующее/Прочее/прОмыШленнОСть.md,.md,525177,706535
12_Прочее_сопутствующее/Прочее/продукции 12O12.md,.md,366119,436868
12_Прочее_сопутствующее/Прочее/скрипты переговоров.docx,.docx,5071,9273
12_Прочее_сопутствующее/Прочее/скрипты переговоров.pdf,.pdf,5123,9368
12_Прочее_сопутствующее/Прочее/шаблоны ответов.docx,.docx,2738,5021
12_Прочее_сопутствующее/Прочее/шаблоны ответов.pdf,.pdf,2738,5020
12_Прочее_сопутствующее/Прочее/エンジニアリング NACHI COMPLEX.md,.md,62473,92582
90_Приложения_таблицы_БД/README.md,.md,28839,40943
90_Приложения_таблицы_БД/Справочники/бренды/brands.csv,.csv,307153,493218
90_Приложения_таблицы_БД/Справочники/бренды/brands.xlsx,.xlsx,196985,330978
90_Приложения_таблицы_БД/Таблицы/0ek56yhg7fqca2lqd55pu12u1qw2mnh5.md,.md,36603,36844
90_Приложения_таблицы_БД/Таблицы/14_ГОСТ_13014-80_Втулки_стяжные_подшипников_качения._Основные_размеры..pdf,.pdf,12763,17662
90_Приложения_таблицы_БД/Таблицы/14_ГОСТ_24208-80_Втулки_закрепительные_подшипников_качения._Основные_размеры..pdf,.pdf,12048,16649
90_Приложения_таблицы_БД/Таблицы/14_ГОСТ_27057-86_Подшипники_упорные_роликовые_конические_одинарные._Основные_размеры..pdf,.pdf,4600,7700
90_Приложения_таблицы_БД/Таблицы/14_ГОСТ_4252-75_Подшипники_шариковые_радиально-упорные_двухрядные._Основные_размеры..pdf,.pdf,7721,12183
90_Приложения_таблицы_БД/Таблицы/14_ГОСТ_4657-82_Подшипники_роликовые_радиальные_игольчатые_однорядные._Основные_размеры._Технические_тр.pdf,.pdf,12959,19810
90_Приложения_таблицы_БД/Таблицы/14_ГОСТ_6364-78_Подшипники_роликовые_конические_двухрядные._Основные_размеры..pdf,.pdf,6145,8846
90_Приложения_таблицы_БД/Таблицы/14_ГОСТ_832-78_Подшипники_шариковые_радиально-упорные_сдвоенные._Типы_и_основные_размеры..pdf,.pdf,7392,11181
90_Приложения_таблицы_БД/Таблицы/14_ГОСТ_8338-75_Подшипники_шариковые_радиальные_однорядные._Основные_размеры.pdf,.pdf,17329,21402
90_Приложения_таблицы_БД/Таблицы/14_ГОСТ_8419-75_Подшипники_роликовые_конические_четырехрядные._Основные_размеры..pdf,.pdf,11976,17250
90_Приложения_таблицы_БД/Таблицы/14_ГОСТ_Р_52598-2006_Подшипники_качения._Радиальные_и_радиально-упорные_подшипники._Основные_размеры._Р.pdf,.pdf,39753,53359
90_Приложения_таблицы_БД/Таблицы/22696-2013.md,.md,36410,61320
90_Приложения_таблицы_БД/Таблицы/3722-2014.md,.md,39364,63479
90_Приложения_таблицы_БД/Таблицы/APTM Bearings for Industrial Applications.md,.md,81994,82542
90_Приложения_таблицы_БД/Таблицы/Arbres de précision.md,.md,126015,129461
90_Приложения_таблицы_БД/Таблицы/Automotive Catalog.md,.md,329857,330232
90_Приложения_таблицы_БД/Таблицы/BALL BEARING.md,.md,35836,37350
90_Приложения_таблицы_БД/Таблицы/BECO Italy.md,.md,175800,178671
90_Приложения_таблицы_БД/Таблицы/Ball Bearings.md,.md,26107,26734
90_Приложения_таблицы_БД/Таблицы/Ball Roller Bearing.md,.md,95934,96368
90_Приложения_таблицы_БД/Таблицы/Ball Screw Support Bearings.md,.md,67524,68159
90_Приложения_таблицы_БД/Таблицы/Ball Screw.md,.md,16349,16849
90_Приложения_таблицы_БД/Таблицы/Ball and Roller Bearings.md,.md,982762,1012987
90_Приложения_таблицы_БД/Таблицы/Ballscrews.md,.md,105470,107278
90_Приложения_таблицы_БД/Таблицы/Bearings for.md,.md,20996,21373
90_Приложения_таблицы_БД/Таблицы/Bore Diameter I.D..md,.md,99358,100233
90_Приложения_таблицы_БД/Таблицы/Bussole e accessori.md,.md,47177,47456
90_Приложения_таблицы_БД/Таблицы/Butées à billes à contact oblique à double eﬀ et de haute précision.md,.md,6466,6822
90_Приложения_таблицы_БД/Таблицы/CAT. NO. 2202TE.md,.md,77413,77847
90_Приложения_таблицы_БД/Таблицы/CAT. No. 3103E.md,.md,10303,10498
90_Приложения_таблицы_БД/Таблицы/CAT.NO. BS004RU-0CR.md,.md,851350,1296153
90_Приложения_таблицы_БД/Таблицы/COMMERCIAL.md,.md,33916,34249
90_Приложения_таблицы_БД/Таблицы/COMPACT CATALOGUE.md,.md,65143,67209
90_Приложения_таблицы_БД/Таблицы/CONTENTS ........................................................................md,.md,210913,211719
90_Приложения_таблицы_БД/Таблицы/CPM was established in 1967 as a small mechanical workshop for.md,.md,6603,6854
90_Приложения_таблицы_БД/Таблицы/CRAFT BEARINGS QUALITY CONTROL.md,.md,191377,192135
90_Приложения_таблицы_БД/Таблицы/CUSCINETTI DI BASE.md,.md,166129,167412
90_Приложения_таблицы_БД/Таблицы/CYLINDRICAL ROLLER BEARING CATALOG.md,.md,807881,811057
90_Приложения_таблицы_БД/Таблицы/Caged Roller Bearings.md,.md,24506,25419
90_Приложения_таблицы_БД/Таблицы/Cam Followers.md,.md,98523,98966
90_Приложения_таблицы_БД/Таблицы/Cat.No.BE111.md,.md,2785,3130
90_Приложения_таблицы_БД/Таблицы/Catalogue GL2008-A.md,.md,118586,123222
90_Приложения_таблицы_БД/Таблицы/Catalogue GLF-1P.md,.md,50017,51738
90_Приложения_таблицы_БД/Таблицы/Catalogue.md,.md,129611,132260
90_Приложения_таблицы_БД/Таблицы/Cross-Roller Ring Series.md,.md,44300,44944
90_Приложения_таблицы_БД/Таблицы/Cuscinetti a rulli conici serie metriche ed in pollici.md,.md,40243,40594
90_Приложения_таблицы_БД/Таблицы/Cuscinetti assiali a rulli conici a doppio effetto.md,.md,4983,5193
90_Приложения_таблицы_БД/Таблицы/Cuscinetti assiali a sfere.md,.md,21405,21622
90_Приложения_таблицы_БД/Таблицы/Cuscinetti assiali orientabili a rulli.md,.md,12145,12371
90_Приложения_таблицы_БД/Таблицы/Cuscinetti obliqui a sfere.md,.md,31841,32190
90_Приложения_таблицы_БД/Таблицы/Cuscinetti orientabili a rulli.md,.md,44725,44981
90_Приложения_таблицы_БД/Таблицы/Cuscinetti orientabili a sfere.md,.md,22180,22429
90_Приложения_таблицы_БД/Таблицы/Cuscinetti radiali a sfere.md,.md,86584,87019
90_Приложения_таблицы_БД/Таблицы/Cylindrical sliding bushings according to DIN ISO 43791 are stan-.md,.md,4067,4301
90_Приложения_таблицы_БД/Таблицы/Deep Groove Ball Bearings.md,.md,18866,19072
90_Приложения_таблицы_БД/Таблицы/Deep-groove Ball Bearings.md,.md,10733,10878
90_Приложения_таблицы_БД/Таблицы/Double Row.md,.md,26825,26983
90_Приложения_таблицы_БД/Таблицы/DriveIT Permanent Magnet Motors.md,.md,88744,89570
90_Приложения_таблицы_БД/Таблицы/Ed. Jan.2006 Copyright 2006 Schaublin-SA All rights reserved.md,.md,57890,58704
90_Приложения_таблицы_БД/Таблицы/Electric Drives.md,.md,52193,52672
